Title,Genre,Director,Cast
Beasts of No Nation,"Drama, War",Cary Joji Fukunaga,"Abraham Attah, Emmanuel Affadzi, Ricky Adelayitor"
The Ridiculous 6,"Action, Adventure, Comedy",Frank Coraci,"Adam Sandler, Terry Crews, Jorge Garcia"
Pee-wee's Big Holiday,"Comedy, Family",John Lee,"Paul Reubens, Jordan Black, Doug Cox"
Special Correspondents,Comedy,Ricky Gervais,"Ricky Gervais, Eric Bana, Vera Farmiga"
The Do-Over,"Action, Adventure, Comedy",Steve Brill,"Adam Sandler, David Spade, Paula Patton"
The Fundamentals of Caring,"Comedy, Drama",Rob Burnett,"Craig Roberts, Paul Rudd, Selena Gomez"
Brahman Naman,Comedy,Qaushiq Mukherjee,"Shashank Arora, Tanmay Dhanania, Chaitanya Varad"
Rebirth,Thriller,Karl Mueller,"Fran Kranz, Adam Goldberg, Nicky Whelan"
Tallulah,"Comedy, Drama, Romance",Sian Heder,"Elliot Page, Allison Janney, Tammy Blanchard"
XOXO,"Drama, Music",Christopher Louie,"Sarah Hyland, Graham Phillips, Brett DelBuono"
ARQ,"Action, Sci-Fi, Thriller",Tony Elliott,"Robbie Amell, Rachael Taylor, Shaun Benson"
The Siege of Jadotville,"Action, Drama, History",Richie Smyth,"Jamie Dornan, Emmanuelle Seigner, Mark Strong"
Mascots,Comedy,Christopher Guest,"Zach Woods, Wayne Wilderson, Sarah Baker"
I Am the Pretty Thing That Lives in the House,"Drama, Horror, Mystery",Osgood Perkins,"Ruth Wilson, Paula Prentiss, Bob Balaban"
7 años,"Comedy, Romance",Roger Gual,"Ximena Herrera, Víctor González, Roberto Palazuelos"
True Memoirs of an International Assassin,"Action, Comedy, Crime",Jeff Wadlow,"Kevin James, Kim Coates, Maurice Compte"
Mercy,"Horror, Thriller",Chris Sparling,"Frances O'Connor, Shirley Knight, Chandler Riggs"
Spectral,"Action, Adventure, Sci-Fi",Nic Mathieu,"James Badge Dale, Emily Mortimer, Bruce Greenwood"
Coin Heist,"Crime, Drama, Romance",Emily Hagins,"Alex Saxon, Alexis G. Zall, Sasha Pieterse"
Clinical,"Horror, Thriller",Alistair Legrand,"Vinessa Shaw, Kevin Rahm, India Eisley"
Take the 10,Comedy,Chester Tam,"Josh Peck, Tony Revolori, Kevin Corrigan"
iBoy,"Action, Crime, Sci-Fi",Adam Randall,"Bill Milner, Maisie Williams, Miranda Richardson"
Imperial Dreams,Drama,Malik Vitthal,"John Boyega, Rotimi, Glenn Plummer"
Girlfriend's Day,"Comedy, Drama",Michael Stephenson,"Bob Odenkirk, Amber Tamblyn, Stacy Keach"
I Don't Feel at Home in This World Anymore,"Comedy, Crime, Drama",Macon Blair,"Melanie Lynskey, Chris Doubek, Marilyn Faith Hickey"
Burning Sands,Drama,Gerard McMurray,"Trevor Jackson, Tosin Cole, DeRon Horton"
Deidra & Laney Rob a Train,"Comedy, Crime, Drama",Sydney Freeland,"Ashleigh Murray, Rachel Crow, Lance Gray"
The Most Hated Woman in America,"Biography, Drama, History",Tommy O'Haver,"Melissa Leo, Brandon Mychal Smith, Juno Temple"
The Discovery,"Drama, Romance, Sci-Fi",Charlie McDowell,"Robert Redford, Mary Steenburgen, Brian McCarthy"
Win It All,Comedy,Joe Swanberg,"Jake Johnson, Rony Shemon, Morgan Ng"
Sandy Wexler,Comedy,Steve Brill,"Adam Sandler, Jennifer Hudson, Kevin James"
Sand Castle,"Action, Drama, War",Fernando Coimbra,"Nicholas Hoult, Logan Marshall-Green, Henry Cavill"
Tramps,"Adventure, Romance",Adam Leon,"Callum Turner, Grace Van Patten, Michal Vondel"
Small Crimes,"Crime, Drama, Thriller",Evan Katz,"Nikolaj Coster-Waldau, Robert Forster, Jacki Weaver"
Handsome,Documentary,Jeff Garlin,"Alexander Bourne, Nicholas Bourne, Amber Maillard"
Blame!,"Animation, Action, Drama",Hiroyuki Seshita,"Takahiro Sakurai, Kana Hanazawa, Sora Amamiya"
War Machine,"Comedy, Drama, War",David Michôd,"Brad Pitt, Daniel Betts, John Magaro"
Shimmer Lake,"Action, Comedy, Crime",Oren Uziel,"Benjamin Walker, Rainn Wilson, Stephanie Sigman"
Okja,"Action, Adventure, Drama",Bong Joon-ho,"Tilda Swinton, Paul Dano, Seo-hyun Ahn"
To the Bone,Drama,Marti Noxon,"Rebekah Kennedy, Lily Collins, Dana L. Wilson"
The Incredible Jessica James,Comedy,James C. Strouse,"Jessica Williams, Chris O'Dowd, LaKeith Stanfield"
Naked,"Comedy, Drama",Michael Tiddes,"David Thewlis, Lesley Sharp, Katrin Cartlidge"
Little Evil,"Comedy, Fantasy, Horror",Eli Craig,"Evangeline Lilly, Owen Atlas, Adam Scott"
First They Killed My Father,"Biography, Drama, History",Angelina Jolie,"Sareum Srey Moch, Phoeung Kompheak, Sveng Socheata"
Gerald's Game,"Drama, Horror, Thriller",Mike Flanagan,"Carla Gugino, Bruce Greenwood, Chiara Aurelia"
Our Souls at Night,"Drama, Romance",Ritesh Batra,"Robert Redford, Jane Fonda, Matthias Schoenaerts"
Bomb Scared,Comedy,Borja Cobeaga,"Javier Cámara, Julián López, Miren Ibarguren"
The Babysitter,"Comedy, Horror",McG,"Judah Lewis, Samara Weaving, Robbie Amell"
1922,"Crime, Drama, Horror",Zak Hilditch,"Thomas Jane, Molly Parker, Dylan Schmid"
Wheelman,"Action, Crime, Thriller",Jeremy Rush,"Frank Grillo, Caitlin Carmichael, Garret Dillahunt"
The Killer,"Action, Crime, Drama",Marcelo Galvão,"Chow Yun-Fat, Danny Lee, Sally Yeh"
A Christmas Prince,"Comedy, Family, Romance",Alex Zamm,"Rose McIver, Ben Lamb, Alice Krige"
El Camino Christmas,"Comedy, Crime, Western",David E. Talbert,"Dax Shepard, Kurtwood Smith, Luke Grimes"
Christmas Inheritance,"Comedy, Drama, Romance",Ernie Barbarash,"Eliza Taylor, Jake Lacy, Andie MacDowell"
Bright,"Action, Fantasy, Thriller",David Ayer,"Will Smith, Joel Edgerton, Noomi Rapace"
My Own Man,"Documentary, Comedy, Drama",David Sampliner,No Cast Available
"The Other One: The Long, Strange Trip of Bob Weir","Documentary, Biography, Music",Mike Fleiss,"John Perry Barlow, Chuck Berry, Neal Cassady"
Hot Girls Wanted,Documentary,Jill Bauer,"Tressa Silguero, Riley Reynolds, Rachel Bernard"
"What Happened, Miss Simone?","Documentary, Biography, Music",Liz Garbus,"Nina Simone, Lisa Simone Kelly, Roger Nupie"
Tig,"Documentary, Biography",Kristina Goolsby,"Stephanie Allynne, Zach Galifianakis, Sarah Silverman"
Keith Richards: Under the Influence,"Documentary, Music",Morgan Neville,"Keith Richards, Anthony DeCurtis, Steve Jordan"
Winter on Fire: Ukraine's Fight for Freedom,"Documentary, History, War",Evgeny Afineevsky,"His Beatitude Sviatoslav, Said Ismagilov, Bishop Agapit"
My Beautiful Broken Brain,"Documentary, Biography",Sophie Robinson,"David Lynch, Sophie Robinson, Hente Sodderland"
Team Foxcatcher,"Documentary, Biography, Crime",Jon Greenhalgh,"John du Pont, Dave Schultz, Mike Gostigian"
Tony Robbins: I Am Not Your Guru,Documentary,Joe Berlinger,"Sage Bonnie Humphrey, Steven Kronick, Anthony Robbins"
I'll Sleep When I'm Dead,"Crime, Drama, Mystery",Justin Krook,"Clive Owen, Malcolm McDowell, Jonathan Rhys Meyers"
Extremis,"Documentary, Short",Dan Krauss,"Monica Bhargava, Jessica Zitter"
The White Helmets,"Documentary, Short, War",Orlando von Einsiedel,"Dana Abed, Tia Alkerdi, Khalid Farah"
Audrie & Daisy,"Documentary, Crime",Bonni Cohen,"Robin Bourland, Daisy Coleman, Charles Coleman"
Amanda Knox,"Documentary, Crime",Rod Blackhurst,"Amanda Knox, Meredith Kercher, Raffaele Sollecito"
13th,"Documentary, Crime, History",Ava DuVernay,"Melina Abdullah, Michelle Alexander, Cory Booker"
Sky Ladder: The Art of Cai Guo-Qiang,Documentary,Kevin Macdonald,"Ian Buruma, Guo-Qiang Cai, Wen-You Cai"
Into the Inferno,Documentary,Werner Herzog,"Werner Herzog, Katia Krafft, Maurice Krafft"
The Ivory Game,Documentary,Richard Ladkani,"Andrea Crosta, Ian Stevenson, Prince William of Wales"
Casting JonBenet,"Documentary, Crime, Drama",Kitty Green,"Hannah Cagwin, Aeona Cruz, Liv Bagley"
The Mars Generation,Documentary,Michael Barnett,"Elsa Shiju, Bob Behnken, Alayna Bidlack"
Get Me Roger Stone,"Documentary, Biography",Dylan Bank,"Roger Stone, Donald Trump, Jane Mayer"
Laerte-se,Documentary,Lygia Barbosa,"Laerte Coutinho, Eliane Brum, Rafael Coutinho"
Joshua: Teenager vs. Superpower,Documentary,Joe Piscatella,"Agnes Chow, Joshua 'Chi-Fung' Wong"
CounterPunch,"Documentary, Sport",Jay Bulger,"Oscar De La Hoya, David Diamante, Bernard Hopkins"
Nobody Speak: Trials of the Free Press,Documentary,Brian Knappenberger,"A.J. Daulerio, Hulk Hogan, Charles Harder"
Chasing Coral,Documentary,Jeff Orlowski,"Andrew Ackerman, Pim Bongaerts, Neal Cantin"
Icarus,"Documentary, Sport",Bryan Fogel,"Bryan Fogel, Dave Zabriskie, Don Catlin"
Resurface,"Documentary, Short, Sport",Joshua Izenberg,"Bobby Lane, Van Curaza, Martin Pollock"
Heroin(e),"Documentary, Short",Elaine McMillion Sheldon,"Jan Rader, Patricia Keller, Necia Freeman"
Strong Island,"Documentary, Crime",Yance Ford,"Yance Ford, Harvey Walker, Kevin Myers"
Gaga: Five Foot Two,"Documentary, Music",Chris Moukarbel,"Sandra Amador, Michael Bearden, Tony Bennett"
Long Shot,"Comedy, Romance",Jacob LaMendola,"Charlize Theron, Seth Rogen, June Diane Raphael"
The Death and Life of Marsha P. Johnson,"Documentary, Biography",David France,"Kurt Wolfe, Sue Yacka, Catherine Shugrue Dos Santos"
Kingdom of Us,"Documentary, Drama",Lucy Cohen,"Jamie-Jodie Shanks, Kacie-Kimie Shanks, Lorie-Lanie Shanks"
One of Us,Documentary,Heidi Ewing,"Etty, Chani Getter, Ari Hershkowitz"
Joan Didion: The Center Will Not Hold,"Documentary, Biography",Griffin Dunne,"Joan Didion, Griffin Dunne, Anna Wintour"
Jim & Andy: The Great Beyond,Documentary,Chris Smith,"Jim Carrey, Danny DeVito, Milos Forman"
Saving Capitalism,Documentary,Jacob Kornbluth,"Robert Reich, Darvin Bentlage, Annie Presley"
Cuba and the Cameraman,Documentary,Jon Alpert,No Cast Available
Voyeur,"Documentary, Crime",Myles Kane,"Gay Talese, Gerald Foos, Nan Talese"
A Very Murray Christmas,"Comedy, Music, Musical",Sofia Coppola,"Bill Murray, Paul Shaffer, Michael Cera"
"Michael Bolton's Big, Sexy Valentine's Day Special","Comedy, Music, Musical",Scott Aukerman,"Michael Bolton, Sarah Shahi, Adam Scott"
Rodney King,"Comedy, Drama",Spike Lee,Roger Guenveur Smith
The Polka King,"Biography, Comedy, Drama",Maya Forbes,"Jack Black, Jenny Slate, Jason Schwartzman"
Step Sisters,Comedy,Charles Stone III,"Megalyn Echikunwoke, Eden Sher, Lyndon Smith"
Open House,"Crime, Drama, Thriller",Matt Angel,"Brian Geraghty, Rachel Blanchard, Anna Paquin"
A Futile and Stupid Gesture,"Biography, Comedy",David Wain,"Frank Gingerich, Morgan Gingerich, Annette O'Toole"
The Cloverfield Paradox,"Action, Adventure, Horror",Julius Onah,"Gugu Mbatha-Raw, David Oyelowo, Daniel Brühl"
When We First Met,"Comedy, Fantasy, Romance",Ari Sandel,"Adam Devine, Alexandra Daddario, Shelley Hennig"
Love Per Square Foot,"Comedy, Romance",Anand Tiwari,"Vicky Kaushal, Angira Dhar, Alankrita Sahai"
Irreplaceable You,"Comedy, Drama, Romance",Stephanie Laing,"Gugu Mbatha-Raw, Michiel Huisman, Steve Coogan"
Mute,"Mystery, Sci-Fi, Thriller",Duncan Jones,"Alexander Skarsgård, Paul Rudd, Justin Theroux"
Benji,"Crime, Drama, Family",Brandon Camp,"Gabriel Bateman, Darby Camp, Kiele Sanchez"
"Game Over, Man!","Action, Comedy",Kyle Newacheck,"Adam Devine, Anders Holm, Blake Anderson"
Paradox,"Action, Adventure, Crime",Daryl Hannah,"Louis Koo, Yue Wu, Ka-Tung Lam"
Roxanne Roxanne,"Biography, Drama, Music",Michael Larnell,"Chanté Adams, Nia Long, Mahershala Ali"
Happy Anniversary,Comedy,Jared Stern,"Noël Wells, Ben Schwartz, Rahul Kohli"
First Match,"Drama, Sport",Olivia Newman,"Elvire Emanuelle, Yahya Abdul-Mateen II, Colman Domingo"
6 Balloons,Drama,Marja-Lewis Ryan,"Abbi Jacobson, Dave Franco, Charlotte Carel"
Amateur,"Comedy, Crime, Drama",Ryan Koo,"Isabelle Huppert, Martin Donovan, Elina Löwensohn"
Come Sunday,"Biography, Drama",Joshua Marston,"Chiwetel Ejiofor, Gerard Catus, Allie McCulloch"
I Am Not an Easy Man,"Comedy, Fantasy, Romance",Éléonore Pourriat,"Vincent Elbaz, Marie-Sophie Ferdane, Pierre Benezit"
Dude,"Comedy, Drama",Olivia Milch,"Lucy Hale, Kathryn Prescott, Alexandra Shipp"
Candy Jar,Comedy,Ben Shelton,"Jacob Latimore, Sami Gayle, Tom Bergeron"
The Week Of,Comedy,Robert Smigel,"Adam Sandler, Chris Rock, Steve Buscemi"
Sometimes,Drama,Priyadarshan,"Prakash Raj, Ashok Selvan, Nassar"
Forgive Us Our Debts,Drama,Antonio Morabito,"Claudio Santamaria, Marco Giallini, Jerzy Stuhr"
The Kissing Booth,"Comedy, Romance",Vince Marcello,"Joey King, Jacob Elordi, Joel Courtney"
Cargo,"Drama, Horror, Sci-Fi",Ben Howling,"Simone Landers, Martin Freeman, Marlee Jane McPherson-Dobbins"
Ibiza,"Comedy, Romance",Alex Richanbach,"Gwen Elizabeth Duchon, Gillian Jacobs, Michaela Watkins"
Sara's Notebook,"Adventure, Drama, Mystery",Norberto López Amado,"Belén Rueda, Marian Álvarez, Iván Mendes"
Alex Strangelove,"Comedy, Drama, Romance",Craig Johnson,"Michael Abela, Brendan Archer, Joshua Barragan"
Set It Up,"Comedy, Romance",Claire Scanlon,"Zoey Deutch, Glen Powell, Lucy Liu"
Lust Stories,"Drama, Romance",Anurag Kashyap,"Kiara Advani, Vicky Kaushal, Bhumi Pednekar"
"To Each, Her Own","Comedy, Drama",Myriam Aziza,"Sarah Stern, Jean-Christophe Folly, Julia Piaton"
Calibre,"Drama, Thriller",Matt Palmer,"Jack Lowden, Martin McCann, Tony Curran"
Tau,"Horror, Sci-Fi, Thriller",Federico D'Alessandro,"Maika Monroe, Ed Skrein, Gary Oldman"
The Legacy of a Whitetail Deer Hunter,"Comedy, Drama",Jody Hill,"Josh Brolin, Danny McBride, Montana Jordan"
How It Ends,"Action, Drama, Horror",David M. Rosenthal,"Theo James, Kat Graham, Nancy Sorel"
Father of the Year,Comedy,Tyler Spindel,"David Spade, Nat Faxon, Joey Bragg"
Duck Duck Goose,"Animation, Adventure, Comedy",Chris Jenkins,"Jim Gaffigan, Zendaya, Lance Lim"
Extinction,"Action, Drama, Sci-Fi",Ben Young,"Michael Peña, Lizzy Caplan, Amelia Crouch"
Like Father,"Comedy, Drama",Lauren Miller,"Kristen Bell, Danielle Davenport, Kimiko Glenn"
The Package,"Comedy, Thriller",Jake Szymanski,"Daniel Doheny, Geraldine Viswanathan, Sadie Calvano"
To All the Boys I've Loved Before,"Comedy, Drama, Romance",Susan Johnson,"Lana Condor, Noah Centineo, Janel Parrish"
The After Party,"Comedy, Music",Ian Edelman,"Harrison Holzer, Kyle, Jordan Rock"
Sierra Burgess Is a Loser,"Comedy, Drama, Romance",Ian Samuels,"Shannon Purser, Kristine Froseth, RJ Cyler"
The Most Assassinated Woman in the World,"Biography, Drama, Mystery",Franck Ribière,"Anna Mouglalis, Niels Schneider, Jean-Michel Balthazar"
On My Skin,Short,Alessio Cremonini,Logan Gutierrez-Mock
The Land of Steady Habits,"Comedy, Drama",Nicole Holofcener,"Ben Mendelsohn, Natalie Gold, Thomas Mann"
The Angel,"Action, Biography, Drama",Ariel Vromen,"Toby Kebbell, Marwan Kenzari, Hannah Ware"
Nappily Ever After,"Comedy, Drama, Romance",Haifaa al-Mansour,"Sanaa Lathan, Ricky Whittle, Lyriq Bent"
Hold the Dark,"Action, Crime, Drama",Jeremy Saulnier,"Jeffrey Wright, Alexander Skarsgård, James Badge Dale"
Malevolent,"Horror, Mystery, Thriller",Olaf de Fleur,"Florence Pugh, Ben Lloyd-Hughes, Scott Chambers"
Private Life,"Comedy, Drama",Tamara Jenkins,"Kathryn Hahn, Paul Giamatti, Gabrielle Reid"
22 July,"Crime, Drama, History",Paul Greengrass,"Anders Danielsen Lie, Jonas Strand Gravli, Jon Øigarden"
Apostle,"Drama, Fantasy, Horror",Gareth Evans,"Dan Stevens, Richard Elfyn, Paul Higgins"
The Night Comes for Us,"Action, Crime, Thriller",Timo Tjahjanto,"Iko Uwais, Joe Taslim, Julie Estelle"
Been So Long,"Drama, Musical, Romance",Tinge Krishnan,"Michaela Coel, Mya Lewis, Arinzé Kene"
The Holiday Calendar,"Drama, Fantasy, Romance",Bradley Walsh,"Kat Graham, Quincy Brown, Ethan Peck"
The Other Side of the Wind,Drama,Orson Welles,"John Huston, Oja Kodar, Peter Bogdanovich"
Outlaw King,"Action, Biography, Drama",David Mackenzie,"Chris Pine, Stephen Dillane, Rebecca Robin"
The Princess Switch,"Comedy, Drama, Family",Mike Rohl,"Vanessa Hudgens, Sam Palladio, Nick Sagar"
Cam,"Drama, Horror, Mystery",Daniel Goldhaber,"Madeline Brewer, Patch Darragh, Melora Walters"
The Ballad of Buster Scruggs,"Comedy, Drama, Musical",Ethan Coen,"Tim Blake Nelson, Willie Watson, Clancy Brown"
The Christmas Chronicles,"Adventure, Comedy, Family",Clay Kaytis,"Kurt Russell, Darby Camp, Judah Lewis"
A Christmas Prince: The Royal Wedding,"Drama, Romance",John Schultz,"Rose McIver, Ben Lamb, Alice Krige"
Rajma Chawal,"Comedy, Drama, Family",Leena Yadav,"Amyra Dastur, Mukesh Chhabra, Rishi Kapoor"
Mowgli: Legend of the Jungle,"Adventure, Drama, Fantasy",Andy Serkis,"Christian Bale, Cate Blanchett, Benedict Cumberbatch"
Roma,Drama,Alfonso Cuarón,"Yalitza Aparicio, Marina de Tavira, Diego Cortina Autrey"
Bird Box,"Horror, Mystery, Sci-Fi",Susanne Bier,"Sandra Bullock, Trevante Rhodes, John Malkovich"
Seeing Allred,"Documentary, Biography",Roberta Grossman,"Gloria Allred, Lisa Bloom, Hillary Clinton"
The Trader,"Documentary, Short",Tamta Gabrichidze,No Cast Available
Ladies First,"Documentary, Short, Sport",Uraaz Bahl,Deepika Kumari
Take Your Pills,Documentary,Alison Klayman,"Ariana, Delaney, Jasper Holt-Teza"
"Ram Dass, Going Home","Documentary, Short",Derek Peck,No Cast Available
Mercury 13,Documentary,David Sington,"Wally Funk, Rhea Woltman, Sarah Ratley"
The Rachel Divide,Documentary,Laura Brownson,"Rachel Dolezal, Franklin Dolezal, Izaiah Dolezal"
End Game,"Action, Thriller",Andy Cheng,"Cuba Gooding Jr., Angie Harmon, James Woods"
Recovery Boys,Documentary,Elaine McMillion Sheldon,No Cast Available
The Bleeding Edge,Documentary,Kirby Dick,"Robert Bridges, Angie Firmalino, Rita Redberg"
Zion,"Documentary, Short, Biography",Floyd Russ,"Zion Clark, Gilbert Donahue, Kimberly Clark"
City of Joy,Drama,Roland Joffé,"Patrick Swayze, Pauline Collins, Om Puri"
Reversing Roe,Documentary,Ricki Stern,"Donna Howard, John Seago, Brigitte Amiri"
Quincy,"Documentary, Biography",Alan Hicks,"Quincy Jones, Rashida Jones, Kareem Abdul-Jabbar"
Two Catalonias,"Documentary, History, News",Álvaro Longoria,"Luis María Anson, Inés Arrimadas, Elsa Artadi"
Feminists: What Were They Thinking?,Documentary,Johanna Demetrakas,"Bella Abzug, Laurie Anderson, Phyllis Chesler"
ReMastered: Who Shot the Sheriff?,"Documentary, Biography, Crime",Kief Davidson,"Bob Marley, Arnold Bertram, Cindy Breakspeare"
Shirkers,Documentary,Sandi Tan,"Jasmine Kin Kia Ng, Philip Cheah, Sophia Siddique Harvey"
They'll Love Me When I'm Dead,"Documentary, Biography",Morgan Neville,"Alan Cumming, Peter Bogdanovich, Oja Kodar"
ReMastered: Tricky Dick & the Man in Black,"Documentary, Biography",Sara Dosa,"Johnny Cash, Richard Nixon, Aram Bakshian"
The American Meme,Documentary,Bert Marcus,"Kirill Bichutsky, Hailey Bieber, Amanda Cerny"
ReMastered: Who Killed Jam Master Jay?,Documentary,Brian Oakes,"Jam Master Jay, DJ Hurricane, Rahman Dukes"
"Out of Many, One","Documentary, Short",John Hoffman,No Cast Available
Struggle: The Life and Lost Art of Szukalski,"Documentary, Biography",Ireneusz Dobrowolski,"Stanislav Szukalski, Glenn Bray, Robert Williams"
Surviving Twin,"Documentary, Music",Christopher Guest,Loudon Wainwright III
Angela's Christmas,"Animation, Short, Adventure",Damien O'Connor,"Malachy McCourt, Ruth Negga, Vivian Drew"
Lionheart,"Action, Crime, Drama",Genevieve Nnaji,"Jean-Claude Van Damme, Harrison Page, Deborah Rennard"
The Last Laugh,Drama,Greg Pritikin,"Emil Jannings, Maly Delschaft, Max Hiller"
Io,"Adventure, Drama, Sci-Fi",Jonathan Helpert,"Margaret Qualley, Anthony Mackie, Danny Huston"
Soni,"Crime, Drama",Ivan Ayr,"Geetika Vidya Ohlyan, Saloni Batra, Vikas Shukla"
Polar,"Action, Thriller",Jonas Åkerlund,"Mads Mikkelsen, Vanessa Hudgens, Katheryn Winnick"
Velvet Buzzsaw,"Horror, Mystery, Thriller",Dan Gilroy,"Jake Gyllenhaal, Rene Russo, Zawe Ashton"
High Flying Bird,"Drama, Sport",Steven Soderbergh,"André Holland, Melvin Gregg, Eddie Tavares"
Firebrand,Drama,Aruna Raje,"Usha Jadhav, Girish Kulkarni, Sachin Khedekar"
Paris Is Us,Drama,Elisabeth Vogler,"Noémie Schmidt, Grégoire Isvarine, Marie Mottet"
Paddleton,"Comedy, Drama",Alex Lehmann,"Christine Woods, Mark Duplass, Ray Romano"
Walk. Ride. Rodeo.,"Biography, Drama, Sport",Conor Allyn,"Spencer Locke, Missi Pyle, Bailey Chase"
Juanita,Drama,Clark Johnson,"Alfre Woodard, Bonnie Johnson, Jordan Nia Elizabeth"
Triple Frontier,"Action, Thriller",J. C. Chandor,"Ben Affleck, Oscar Isaac, Charlie Hunnam"
Altered Carbon: Resleeved,"Animation, Action, Crime",Takeru Nakajima,"Ray Chase, Doug Stone, Kaiji Tang"
The Dirt,"Biography, Comedy, Drama",Jeff Tremaine,"Douglas Booth, Iwan Rheon, Colson Baker"
The Highwaymen,"Biography, Crime, Drama",John Lee Hancock,"Kevin Costner, Woody Harrelson, Kathy Bates"
15 August,Drama,Swapnaneel Jaykar,"Abhishek Deshmukh, Mrunmayee Deshpande, Namrata Kadam"
Unicorn Store,"Comedy, Drama, Fantasy",Brie Larson,"Brie Larson, Samuel L. Jackson, Joan Cusack"
Who Would You Take to a Deserted Island?,Drama,Jota Linares,"Pol Monen, Jaime Lorente, Andrea Ros"
The Perfect Date,"Comedy, Romance",Chris Nelson,"Noah Centineo, Laura Marano, Odiseas Georgiadis"
Someone Great,"Comedy, Romance",Jennifer Kaytin Robinson,"Gina Rodriguez, LaKeith Stanfield, Brittany Snow"
Music Teacher,"Drama, Romance",Sarthak Dasgupta,"Neena Gupta, Divya Dutta, Manav Kaul"
Despite Everything,Comedy,Gabriela Tagliavini,"Blanca Suárez, Macarena García, Amaia Salamanca"
The Last Summer,"Comedy, Romance",William Bindley,"K.J. Apa, Maia Mitchell, Norman Johnson Jr."
Wine Country,"Adventure, Comedy, Drama",Amy Poehler,"Amy Poehler, Rachel Dratch, Ana Gasteyer"
Good Sam,"Comedy, Drama, Romance",Kate Melville,"Tiya Sircar, Chad Connell, Marco Grazzini"
See You Yesterday,"Action, Adventure, Crime",Stefon Bristol,"Eden Duncan-Smith, Dante Crichlow, Astro"
Rim of the World,"Action, Adventure, Comedy",McG,"Jack Gore, Miya Cech, Benjamin Flores Jr."
The Perfection,"Drama, Horror, Music",Richard Shepard,"Marie Maskell, Allison Williams, Christina Jastrzembska"
Always Be My Maybe,"Comedy, Romance",Nahnatchka Khan,"Ali Wong, Randall Park, James Saito"
Chopsticks,"Comedy, Drama",Sachin Yardi,"Abhay Deol, Mithila Palkar, Vijay Raaz"
Elisa & Marcela,Short,Isabel Coixet,"Anna Carvalho, Nuno Nunes, André Santos"
Pachamama,"Animation, Adventure, Family",Juan Antin,"Andrea Santamaria, India Coenen, Saïd Amadis"
Murder Mystery,"Action, Comedy, Crime",Kyle Newacheck,"Adam Sandler, Jennifer Aniston, Luke Evans"
Beats,Drama,Chris Robinson,"Khalil Everage, Evan J. Simpson, Ashley Jackson"
Point Blank,"Crime, Drama, Thriller",Joe Lynch,"Lee Marvin, Angie Dickinson, Keenan Wynn"
Secret Obsession,"Crime, Drama, Mystery",Peter Sullivan,"Brenda Song, Mike Vogel, Dennis Haysbert"
The Red Sea Diving Resort,"Drama, History, Thriller",Gideon Raff,"Mbulelo Grootboom, Sizo Mahlangu, Michael Kenneth Williams"
Otherhood,Comedy,Cindy Chupack,"Angela Bassett, Patricia Arquette, Felicity Huffman"
Invader Zim: Enter the Florpus,"Animation, Action, Adventure",Hae Young Jung,"Richard Steven Horvitz, Rikki Simons, Andy Berman"
Sextuplets,Comedy,Michael Tiddes,"Marlon Wayans, Bresha Webb, Michael Ian Black"
Falling Inn Love,"Comedy, Romance",Roger Kumble,"Christina Milian, Adam Demos, Jeffrey Bowyer-Chapman"
Back to School,"Comedy, Romance, Sport",Alan Metter,"Rodney Dangerfield, Sally Kellerman, Burt Young"
Tall Girl,"Comedy, Drama, Family",Nzingha Stewart,"Ava Michelle, Griffin Gluck, Sabrina Carpenter"
Between Two Ferns: The Movie,Comedy,Scott Aukerman,"Zach Galifianakis, Matthew McConaughey, Rekha Shankar"
In the Shadow of the Moon,"Action, Crime, Mystery",Jim Mickle,"Boyd Holbrook, Cleopatra Coleman, Bokeem Woodbine"
In the Tall Grass,"Horror, Mystery, Sci-Fi",Vincenzo Natali,"Laysla De Oliveira, Avery Whitted, Patrick Wilson"
El Camino: A Breaking Bad Movie,"Action, Crime, Drama",Vince Gilligan,"Aaron Paul, Jonathan Banks, Matt Jones"
Fractured,"Drama, Mystery, Thriller",Brad Anderson,"Sam Worthington, Lily Rabe, Lucy Capri"
The Forest of Love,"Crime, Drama, Horror",Sion Sono,"Kippei Shîna, Shinnosuke Mitsushima, Kyoko Hinami"
Street Flow,"Crime, Drama",Leïla Sy,"Kery James, Jammeh Diangana, Bakary Diombera"
Eli,"Drama, Horror, Mystery",Ciarán Foy,"Charlie Shotwell, Kelly Reilly, Max Martini"
Seventeen,Drama,Daniel Sánchez Arévalo,"Biel Montoro, Nacho Sánchez, Lola Cordón"
The Laundromat,"Comedy, Crime, Drama",Steven Soderbergh,"Gary Oldman, Antonio Banderas, AJ Meijer"
Upstarts,Drama,Udai Singh Pawar,"Naved Aslam, Sandeep Bhardwaj, Ranjit Deval"
Dolemite Is My Name,"Biography, Comedy, Drama",Craig Brewer,"Eddie Murphy, Keegan-Michael Key, Mike Epps"
Rattlesnake,"Drama, Horror, Mystery",Zak Hilditch,"Carmen Ejogo, Theo Rossi, Emma Greenwell"
The King,"Biography, Drama, History",David Michôd,"Tom Glynn-Carney, Gábor Czap, Tom Fisher"
American Son,Drama,Kenny Leon,"Kerry Washington, Steven Pasquale, Jeremy Jordan"
Drive,"Action, Drama",Tarun Mansukhani,"Ryan Gosling, Carey Mulligan, Bryan Cranston"
Holiday in the Wild,"Comedy, Drama, Romance",Ernie Barbarash,"Rob Lowe, Kristin Davis, Fezile Mpela"
Let It Snow,"Comedy, Romance",Luke Snellin,"Isabela Merced, Shameik Moore, Odeya Rush"
Earthquake Bird,"Crime, Drama, Mystery",Wash Westmoreland,"Alicia Vikander, Kiki Sukezane, Kenichi Masuda"
House Arrest,"Comedy, Family",Samit Basu,"Jamie Lee Curtis, Kevin Pollak, Kyle Howard"
Klaus,"Animation, Adventure, Comedy",Sergio Pablos,"Jason Schwartzman, J.K. Simmons, Rashida Jones"
The Knight Before Christmas,"Adventure, Comedy, Drama",Monika Mitchell,"Vanessa Hudgens, Josh Whitehouse, Emmanuelle Chriqui"
The Irishman,"Biography, Crime, Drama",Martin Scorsese,"Robert De Niro, Al Pacino, Joe Pesci"
Holiday Rush,"Comedy, Drama, Family",Leslie Small,"Romany Malco, Sonequa Martin-Green, Darlene Love"
I Lost My Body,"Animation, Drama, Fantasy",Jérémy Clapin,"Hakim Faris, Victoire Du Bois, Patrick d'Assumçao"
Dead Kids,Thriller,Mikhail Red,"Kelvin Miranda, Vance Larena, Khalil Ramos"
A Christmas Prince: The Royal Baby,"Family, Romance",John Schultz,"Rose McIver, Ben Lamb, Alice Krige"
Marriage Story,"Drama, Romance",Noah Baumbach,"Adam Driver, Scarlett Johansson, Julia Greer"
6 Underground,"Action, Thriller",Michael Bay,"Ryan Reynolds, Mélanie Laurent, Manuel Garcia-Rulfo"
The Two Popes,"Biography, Comedy, Drama",Fernando Meirelles,"Jonathan Pryce, Anthony Hopkins, Juan Minujín"
Como caído del cielo,"Comedy, Drama, Musical",José Pepe Bojórquez,"Omar Chaparro, Ana Claudia Talancón, Stephanie Cayo"
The App,"Drama, Sci-Fi, Thriller",Elisa Fuksas,"Salvatore Costa, Vincenzo Crea, Jessica Cressy"
ReMastered: Massacre at the Stadium,"Documentary, Drama",B.J. Perlmutt Bent-Jorgen Perlmutt,"Víctor Jara, Joan Jara, Pascale Bonnefoy"
Fyre,"Documentary, Crime, Music",Chris Smith,"Billy McFarland, Jason Bell, Gabrielle Bluestone"
ReMastered: The Two Killings of Sam Cooke,"Documentary, Music",Kelly Duane,"Sam Cooke, Quincy Jones, Smokey Robinson"
Period. End of Sentence.,"Documentary, Short",Rayka Zehtabchi,"Ajeya, Anita, Gouri Choudari"
ReMastered: The Miami Showband Massacre,"Documentary, Crime, Music",Stuart Sender,"Stephen Travers, Bertie Ahern, Alan Brecknell"
The Legend of Cocaine Island,Documentary,Theo Love,"Bo Butterworth, Bri Bryant, Edward Craig"
Brené Brown: The Call to Courage,"Documentary, Drama",Sandra Restrepo,Brené Brown
Grass Is Greener,Documentary,Fab 5 Freddy,"Harry J. Anslinger, Louis Armstrong, B-Real"
ReMastered: Devil at the Crossroads,"Documentary, Biography",Brian Oakes,"Terry Harmonica Bean, Rory Block, Yvonne Chireau"
Knock Down the House,Documentary,Rachel Lears,"Alexandria Ocasio-Cortez, Cori Bush, Joe Crowley"
All in My Family,"Documentary, Short, Family",Hao Wu,No Cast Available
ReMastered: The Lion's Share,"Documentary, Music",Sam Cullman,"Rian Malan, Solomon Linda, Delphi Linda"
A Tale of Two Kitchens,"Documentary, Short",Trisha Ziff,No Cast Available
After Maria,"Documentary, Short",Nadia Hallgren,Glenda Martes
The Black Godfather,"Documentary, Biography",Reginald Hudlin,"Clarence Avant, Hank Aaron, Gwen Adolph"
Life Overtakes Me,"Documentary, Short",Kristine Samuelson,"Henry Ascher, Nadja Hatem, Mikael Billing"
The Edge of Democracy,"Documentary, History",Petra Costa,"Dilma Rousseff, Luiz Inácio Lula da Silva, Marisa Letícia Lula da Silva"
Parchis: The Documentary,Documentary,Daniel Arasanz,"Eva Mariol, Imma Cabecerans, Joaquín Oristrell"
The Great Hack,"Documentary, Biography, History",Karim Amer,"Brittany Kaiser, David Carroll, Paul-Olivier Dehaye"
Enter the Anime,Documentary,Alex Burunova,"Shinji Aramaki, Kôzô Morishita, Tania Nolan"
American Factory,Documentary,Steven Bognar,"Junming 'Jimmy' Wang, Robert Allen, Sherrod Brown"
Travis Scott: Look Mom I Can Fly,"Documentary, Music",White Trash Tyler,"Kylie Jenner, Travis Scott, Stormi Webster"
Evelyn,Drama,Bruce Beresford,"Pierce Brosnan, Julianna Margulies, Aidan Quinn"
"Hello Privilege. It's Me, Chelsea",Documentary,Alex Stapleton,"Chelsea Handler, Melina Abdullah, Jody David Armour"
Los Tigres del Norte at Folsom Prison,"Documentary, Music",Tom Donahue,Los Tigres del Norte
Birders,"Documentary, Short",Otilia Portillo Padua,"Esteban Berrones, Chris Birchfield, Mark Conway"
Ghosts of Sugar Land,"Documentary, Short",Bassam Tariq,"Jennifer Julian, Kc Okoro"
Tell Me Who I Am,"Documentary, Drama, Mystery",Ed Perkins,"Andrew Caley, Alex Lewis, Marcus Lewis"
Dancing with the Birds,Documentary,Huw Cordey,Stephen Fry
It Takes a Lunatic,"Documentary, Biography, Drama",Billy Lyons ,"Alec Baldwin, André Bishop, Michael Douglas"
A 3 Minute Hug,"Documentary, Short",Everardo González,No Cast Available
Little Miss Sumo,"Documentary, Short, Biography",Matt Kay,Hiyori Kon
Fire in Paradise,"Documentary, Short",Zackary Canepari,"Joy Beeson, Beth Bowersox, Abbie Davis"
"Bikram: Yogi, Guru, Predator","Documentary, Crime",Eva Orner,"Larissa Anderson, Francesca Asumah, Sarah Baughn"
"Lorena, Light-Footed Woman","Documentary, Short, Sport",Juan Carlos Rulfo,"Lorena Ramirez, Mario Ramírez, Santiago Ramírez"
After the Raid,"Documentary, Short",Rodrigo Reyes,No Cast Available
El Pepe: A Supreme Life,"Documentary, Biography",Emir Kusturica,Pepe Mujica
Kevin Hart's Guide to Black History,Comedy,Tom Stern,"Steve Agee, Derek Basco, Brad Berryhill"
Still Laugh-In: The Stars Celebrate,"Comedy, Music",,"Lily Tomlin, Ruth Buzzi, Tiffany Haddish"
The Unauthorized Bash Brothers Experience,"Short, Comedy, Music",Mike Diva Akiva Schaffer,"Andy Samberg, Akiva Schaffer, Jorma Taccone"
Anima,"Short, Music",Paul Thomas Anderson,"Thom Yorke, Dajana Roncione, Frida Dam Seidel"
"Frankenstein's Monster's Monster, Frankenstein",Comedy,Daniel Gray Longino,"David Harbour, Kate Berlant, Alex Ozerov-Meyer"
Rocko's Modern Life: Static Cling,"Animation, Action, Adventure",Joe Murray Cosmo Segurson,"Carlos Alazraqui, Tom Kenny, Charlie Adler"
The Irishman: In Conversation,"Documentary, Short",Martin Scorsese,"Robert De Niro, Al Pacino, Joe Pesci"
John Mulaney & the Sack Lunch Bunch,Comedy,Rhys Thomas,"Petunia, John Mulaney, Amanda Walsh"
Ghost Stories,"Drama, Horror",Karan Johar,"Samuel Bottomley, Deborah Wastell, Amy Doyle"
A Fall from Grace,Thriller,Tyler Perry,"Crystal Fox, Phylicia Rashad, Bresha Webb"
Airplane Mode,Comedy,César Rodrigues,"Logan Paul, Lauren Swickard, Juanpa Zurita"
Horse Girl,"Drama, Mystery, Thriller",Jeff Baena,"Alison Brie, Molly Shannon, Goldenite"
To All the Boys: P.S. I Still Love You,"Comedy, Drama, Romance",Michael Fimognari,"Lana Condor, Noah Centineo, Jordan Fisher"
The Last Thing He Wanted,"Crime, Drama, Mystery",Dee Rees,"Anne Hathaway, Ben Affleck, Rosie Perez"
Yeh Ballet,"Drama, Musical",Sooni Taraporevala,"Julian Sands, Jim Sarbh, Sarah Jane Dias"
All the Bright Places,"Drama, Romance",Brett Haley,"Elle Fanning, Justice Smith, Alexandra Shipp"
Guilty,"Drama, Thriller",Ruchi Narain,"Kiara Advani, Taher Shabbir, Akansha Ranjan Kapoor"
Spenser Confidential,"Action, Comedy, Crime",Peter Berg,"Mark Wahlberg, Winston Duke, Alan Arkin"
Lost Girls,"Crime, Drama, Mystery",Liz Garbus,"Amy Ryan, Thomasin McKenzie, Gabriel Byrne"
Ultras,Drama,Francesco Lettieri,"Aniello Arena, Ciro Nacca, Antonia Truppo"
The Occupant,"Drama, Thriller",David Pastor,"Javier Gutiérrez, Mario Casas, Bruna Cusí"
Maska,"Comedy, Drama, Romance",Neeraj Udhwani,"Prit Kamani, Manisha Koirala, Shirley Setia"
The Decline,"Action, Thriller",Patrice Laliberté,"Guillaume Laurin, Marie-Evelyne Lessard, Réal Bossé"
Uncorked,Drama,Prentice Penny,"Courtney B. Vance, Lashun Pollard, Michael Mobley"
Coffee & Kareem,"Short, Comedy, Romance",Michael Dowse,"Christy Geslain, Alison Haislip, Cameron Northey"
The Main Event,"Comedy, Romance, Sport",Jay Karas,"Barbra Streisand, Ryan O'Neal, Paul Sand"
Love Wedding Repeat,"Comedy, Romance",Dean Craig,"Sam Claflin, Olivia Munn, Freida Pinto"
Tigertail,Drama,Alan Yang,"Tzi Ma, Christine Ko, Hong-Chi Lee"
Earth and Blood,"Action, Crime, Drama",Julien Leclercq,"Sami Bouajila, Eriq Ebouaney, Samy Seghir"
Rising High,"Comedy, Drama",Cüneyt Kaya,"Ellen Dubin, David Kross, Emily Goss"
Sergio,"Biography, Drama, History",Greg Barker,"Wagner Moura, Ana de Armas, Brían F. O'Byrne"
The Willoughbys,"Animation, Adventure, Comedy",Kris Pearn,"Will Forte, Maya Rudolph, Alessia Cara"
Time to Hunt,"Action, Crime, Drama",Yoon Sung-hyun,"Lee Jehoon, Ahn Jae-hong, Choi Woo-sik"
Extraction,"Action, Thriller",Sam Hargrave,"Chris Hemsworth, Bryon Lerum, Ryder Lerum"
Dangerous Lies,"Crime, Mystery, Thriller",Michael Scott,"Nick Purcha, Joe Costa, Camila Mendes"
Rich in Love,Drama,Bruno Garotti,"Albert Finney, Jill Clayburgh, Kathryn Erbe"
All Day and a Night,Drama,Joe Robert Cole,"Ashton Sanders, Jeffrey Wright, Isaiah John"
Mrs. Serial Killer,"Crime, Drama, Thriller",Shirish Kunder,"Jacqueline Fernandez, Manoj Bajpayee, Mohit Raina"
The Half of It,"Comedy, Drama",Alice Wu,"Leah Lewis, Daniel Diemer, Alexxis Lemire"
The Wrong Missy,"Comedy, Romance",Tyler Spindel,"David Spade, Lauren Lapkus, Nick Swardson"
The Lovebirds,"Action, Comedy, Crime",Michael Showalter,"Issa Rae, Kumail Nanjiani, Paul Sparks"
I'm No Longer Here,Drama,Fernando Frías de la Parra,"Juan Daniel García Treviño, Emily May Jampel, Xueming Angelina Chen"
Intuition,"Crime, Drama, Mystery",Alejandro Montiel,"Luisana Lopilato, Joaquín Furriel, Rafael Ferro"
Choked,Drama,Anurag Kashyap,"Saiyami Kher, Roshan Mathew, Amruta Subhash"
The Last Days of American Crime,"Action, Crime, Drama",Olivier Megaton,"Neels Clasen, Edgar Ramírez, Tony Caprari"
Da 5 Bloods,"Adventure, Drama, War",Spike Lee,"Delroy Lindo, Jonathan Majors, Clarke Peters"
A Whisker Away,"Animation, Adventure, Drama",Junichi Sato,"Mirai Shida, Natsuki Hanae, Johnny Yong Bosch"
Feel the Beat,"Comedy, Drama, Family",Elissa Down,"Sofia Carson, Pamela MacDonald, Sonia Laplante"
Lost Bullet,"Action, Crime, Thriller",Guillaume Pierret,"Alban Lenoir, Nicolas Duvauchelle, Ramzy Bedia"
One-Way to Tomorrow,"Comedy, Drama, Romance",Ozan Açıktan,"Dilan Çiçek Deniz, Metin Akdülger, Tevfik Kartal"
Bulbbul.,"Drama, Horror, Mystery",Anvita Dutt,"Triptii Dimri, Avinash Tiwary, Rahul Bose"
Nobody Knows I'm Here,"Drama, Music",Gaspar Antillo,"Jorge Garcia, Lukas Vergara, Millaray Lobos"
Eurovision Song Contest: The Story of Fire Saga,"Comedy, Music",David Dobkin,"Will Ferrell, Rachel McAdams, Dan Stevens"
Under the Riccione Sun,"Comedy, Drama, Romance",YouNuts!,"Cristiano Caccamo, Davide Calgaro, Matteo Oscar Giuggioli"
Desperados,"Comedy, Romance",LP,"Nasim Pedrad, Anna Camp, Lamorne Morris"
The Old Guard,"Action, Thriller",Gina Prince-Bythewood,"Charlize Theron, KiKi Layne, Matthias Schoenaerts"
The Players,Comedy,Stefano Mordini,"Jean Dujardin, Gilles Lellouche, Géraldine Nakache"
Fatal Affair,Thriller,Peter Sullivan,"Nia Long, Omar Epps, Stephen Bishop"
Offering to the Storm,"Crime, Thriller",Fernando González Molina,"Marta Etura, Leonardo Sbaraglia, Nene"
The Kissing Booth 2,"Comedy, Romance",Vince Marcello,"Joey King, Joel Courtney, Jacob Elordi"
Seriously Single,"Comedy, Romance",Katleho Ramaphakela,"Fulu Mugovhani, Thabo Malema, Tiffany Barbuzano"
Raat Akeli Hai,"Crime, Drama, Mystery",Honey Trehan,"Ashish Chhipa, Nawazuddin Siddiqui, Radhika Apte"
Work It,"Comedy, Music",Laura Terruso,"Keiynan Lonsdale, Liza Koshy, Briana Andrade-Gomes"
Gunjan Saxena: The Kargil Girl,"Action, Biography, Drama",Sharan Sharma,"Janhvi Kapoor, Pankaj Tripathi, Angad Bedi"
Project Power,"Action, Crime, Sci-Fi",Henry Joost,"Jamie Foxx, Joseph Gordon-Levitt, Dominique Fishback"
Fearless,"Action, Biography, Drama",Cory Edwards,"Jet Li, Li Sun, Yong Dong"
Crazy Awesome Teachers,"Comedy, Drama",Sammaria Simanjuntak,"Gading Marten, Boris Bokir, Kevin Ardilova"
The Crimes That Bind,"Crime, Drama, Thriller",Sebastián Schindel,"Cecilia Roth, Miguel Ángel Solá, Benjamín Amadeo"
The Sleepover,"Action, Adventure, Comedy",Trish Sie,"Sadie Stanley, Maxwell Simkins, Cree"
Class of '83,"Action, Crime, Drama",Atul Sabharwal,"Bobby Deol, Anup Soni, Joy Sengupta"
Dark Forces,"Action, Horror, Mystery",Bernardo Arellano,"Tenoch Huerta, Eréndira Ibarra, Dale Carley"
All Together Now,Drama,Brett Haley,"Auli'i Cravalho, Rhenzy Feliz, Justina Machado"
Unknown Origins,"Action, Crime, Drama",David Galán Galindo,"Javier Rey, Verónica Echegui, Brays Efe"
Freaks: You're One of Us,"Action, Drama, Fantasy",Felix Binder,"Cornelia Gröschel, Tim Oliver Schultz, Wotan Wilke Möhring"
"Love, Guaranteed","Comedy, Romance",Mark Steven Johnson,"Rachael Leigh Cook, Damon Wayans Jr., Heather Graham"
I'm Thinking of Ending Things,"Drama, Thriller",Charlie Kaufman,"Jesse Plemons, Jessie Buckley, Toni Collette"
The Babysitter: Killer Queen,"Comedy, Horror",McG,"Judah Lewis, Samara Weaving, Jenna Ortega"
Dad Wanted,"Comedy, Drama, Family",Javier Colinas,"Mauricio Argüelles, Moisés Arizmendi, Luis Arrieta"
The Devil All the Time,"Crime, Drama, Thriller",Antonio Campos,"Bill Skarsgård, Tom Holland, Banks Repeta"
The Paramedic,"Adventure, Crime, Drama",Carles Torras,"Mario Casas, Déborah François, Guillermo Pfening"
Whipped,"Comedy, Romance",Chandra Liow,"Amanda Peet, Brian Van Holt, Jonathan Abrahams"
The Boys in the Band,Drama,Joe Mantello,"Jim Parsons, Zachary Quinto, Matt Bomer"
Òlòturé,"Crime, Drama",Kenneth Gyang,"Ada Ameh, Beverly Osu, Blossom Chukwujekwu"
Serious Men,"Comedy, Drama",Sudhir Mishra,"Nawazuddin Siddiqui, Nassar, Aakshath Das"
The Binding,"Drama, Horror, Thriller",Domenico Emanuele de Feudid,"Riccardo Scamarcio, Mía Maestro, Giulia Patrignani"
Vampires vs. the Bronx,"Comedy, Horror",Oz Rodriguez,"Jaden Michael, Gerald Jones, Gregory Diaz IV"
You've Got This,"Comedy, Romance",Salvador Espinosa,"Tato Alexander, Moisés Arizmendi, Krizia Bajos"
Hubie Halloween,"Comedy, Horror, Mystery",Steve Brill,"Adam Sandler, Kevin James, Julie Bowen"
Ginny Weds Sunny,"Comedy, Drama, Romance",Puneet Khanna,"Yami Gautam, Vikrant Massey, Ayesha Raza Mishra"
The Forty-Year-Old Version,"Comedy, Drama",Radha Blank,"Radha Blank, Peter Kim, Oswin Benjamin"
A Babysitter's Guide to Monster Hunting,"Comedy, Family, Fantasy",Rachel Talalay,"Tamara Smart, Oona Laurence, Tom Felton"
Love Like the Falling Rain,"Adventure, Drama, Fantasy",Lasja F. Susatyo,"Jefri Nichol, Aurora Ribero, Axel Matthew Thomas"
The Trial of the Chicago 7,"Drama, History, Thriller",Aaron Sorkin,"Eddie Redmayne, Alex Sharp, Sacha Baron Cohen"
Rebecca,"Drama, Film-Noir, Mystery",Ben Wheatley,"Laurence Olivier, Joan Fontaine, George Sanders"
Cadaver,"Drama, Horror, Thriller",Jarand Herdal,"Thorbjørn Harr, Maria Grazia Di Meo, Thomas Gullestad"
Over the Moon,"Animation, Adventure, Comedy",Glen Keane,"Glen Keane, Brycen Hall, Ruthie Ann Miles"
Holidate,"Comedy, Romance",John Whitesell,"Emma Roberts, Luke Bracey, Kristin Chenoweth"
Nobody Sleeps in the Woods Tonight,"Fantasy, Horror, Mystery",Bartosz M. Kowalski,"Julia Wieniawa-Narkiewicz, Michal Lupa, Wiktoria Gasiewska"
His House,"Drama, Horror, Thriller",Remi Weekes,"Sope Dirisu, Wunmi Mosaku, Malaika Wakoli-Abigaba"
Kaali Khuhi,"Drama, Horror, Mystery",Terrie Samundra,"Shabana Azmi, Sanjeeda Sheikh, Satyadeep Misra"
Rogue City,"Action, Crime, Drama",Olivier Marchal,"Lannick Gautry, Stanislas Merhar, Kaaris"
The Day of the Lord,"Drama, Horror, Thriller",Santiago Alvarado Ilarri,"Juli Fàbregas, Hector Illanes, Dolores Heredia"
Operation Christmas Drop,"Comedy, Family, Romance",Martin Wood,"Kat Graham, Alexander Ludwig, Trezzo Mahoro"
Citation,"Drama, Thriller",Kunle Afolayan,"Jimmy Jean-Louis, Bukunmi Oluwashina, Ini Edo"
What We Wanted,Drama,Ulrike Kofler,"Lavinia Wilson, Elyas M'Barek, Anna Unterberger"
Ludo,"Action, Comedy, Crime",Anurag Basu,"Pankaj Tripathi, Abhishek Bachchan, Rajkummar Rao"
Jingle Jangle: A Christmas Journey,"Family, Fantasy, Musical",David E. Talbert,"Forest Whitaker, Keegan-Michael Key, Hugh Bonneville"
The Life Ahead,Drama,Edoardo Ponti,"Sophia Loren, Ibrahima Gueye, Renato Carpentieri"
The Princess Switch: Switched Again,"Comedy, Drama, Family",Mike Rohl,"John Jack, Vanessa Hudgens, Sam Palladio"
Christmas on the Square,"Comedy, Family, Musical",Debbie Allen,"Dolly Parton, Jenifer Lewis, Josh Segarra"
Hillbilly Elegy,Drama,Ron Howard,"Amy Adams, Glenn Close, Gabriel Basso"
Notes for My Son,Drama,Carlos Sorin,"Valeria Bertuccelli, Esteban Lamothe, Julian Sorin"
The Beast,"Drama, Fantasy, Horror",Ludovico Di Martino,"Sirpa Lane, Lisbeth Hummel, Elisabeth Kaza"
The Call,"Drama, Thriller",Lee Chung-hyun,"Halle Berry, Evie Thompson, Abigail Breslin"
Finding Agnes,Drama,Marla Ancheta,"Jelson Bay, Sue Ramirez, Sandy Andolong"
Just Another Christmas,"Comedy, Drama",Roberto Santucci,"Arianne Botelho, Ashley Adler, Kevin Andrew Rivera"
Christmas Crossfire,"Comedy, Crime, Thriller",Detlev Buck,"Kostja Ullmann, Alli Neumann, Sascha Alexander Gersak"
Leyla Everlasting,Comedy,Ezel Akay,"Haluk Bilginer, Demet Akbag, Elçin Sangu"
Mank,"Biography, Comedy, Drama",David Fincher,"Gary Oldman, Amanda Seyfried, Lily Collins"
The Claus Family,"Comedy, Family, Fantasy",Matthias Temmermans,"Jan Decleir, Mo Bakker, Bracha van Doesburgh"
Rose Island,"Adventure, Comedy, Drama",Sydney Sibilia,"Elio Germano, Leonardo Lidi, Matilda De Angelis"
The Prom,"Comedy, Drama, Musical",Ryan Murphy,"Meryl Streep, James Corden, Nicole Kidman"
A California Christmas,"Comedy, Drama, Romance",Shaun Piccinino,"Lauren Swickard, Josh Swickard, Ali Afshar"
Ma Rainey's Black Bottom,"Drama, Music",George C. Wolfe,"Viola Davis, Chadwick Boseman, Glynn Turman"
The Midnight Sky,"Adventure, Drama, Sci-Fi",George Clooney,"George Clooney, Felicity Jones, David Oyelowo"
AK vs AK,"Action, Comedy, Crime",Vikramaditya Motwane,"Anil Kapoor, Anurag Kashyap, Sonam Kapoor"
We Can Be Heroes,"Action, Comedy, Drama",Robert Rodriguez,"YaYa Gosselin, Pedro Pascal, Priyanka Chopra Jonas"
Miss Americana,"Documentary, Biography, Drama",Lana Wilson,"Taylor Swift, Andrea Swift, Scott Swift"
A Life of Speed: The Juan Manuel Fangio Story,"Documentary, Biography, Sport",Francisco Macri,"Jackie Stewart, Fernando Alonso, Mika Häkkinen"
Crip Camp,"Documentary, History",Nicole Newnham,"James Lebrecht, Lionel Je'Woodyard, Joseph O'Conor"
LA Originals,Documentary,Estevan Oriol,"Estevan Oriol, Mister Cartoon, Snoop Dogg"
Circus of Books,"Documentary, Biography, History",Rachel Mason,"Karen Mason, Barry Mason, Micah Mason"
A Secret Love,"Documentary, Biography, Drama",Chris Bolan,"Terry Donahue, Pat Henschel, Diana Bolan"
Murder to Mercy: The Cyntoia Brown Story,Documentary,Daniel H. Birman,No Cast Available
Becoming,"Documentary, Biography",Nadia Hallgren,"Elizabeth Alexander, Adrian K. Collins, Valerie Jarrett"
Spelling the Dream,Documentary,Sam Rega,"Srinivas Ayyagari, Jacques Bailly, Valerie Browning"
One Take,"Documentary, Music",Manatsanun Panlertwongskul,"Jiradapa Intajak, Praewa Suthamphong"
Disclosure,"Drama, Thriller",Sam Feder,"Michael Douglas, Demi Moore, Donald Sutherland"
Athlete A,"Documentary, Crime, Sport",Bonni Cohen,"Maggie Nichols, Gina Nichols, John Nichols"
Mucho Mucho Amor: The Legend of Walter Mercado,Documentary,Cristina Costantini,"Walter Mercado, Willy Acosta, Lin-Manuel Miranda"
The Claudia Kishi Club,"Documentary, Short",Sue Ding,"Lucia de la Garza, Mila de la Garza, Bela Salazar"
We Are One,Documentary,Stéphane de Freitas,"Afaq, Panmela Castro, Stéphane de Freitas"
Father Soldier Son,"Documentary, War",Catrin Einhorn,"Brian Eisch, Isaac Eisch, Joey Eisch"
The Speed Cubers,"Documentary, Short, Sport",Sue Kim,"Max Park, Schwan Park, Philipp Weyer"
Anelka: Misunderstood,"Documentary, Sport",Franck Nataf,"Roman Abramovich, Fabrice Abriel, Samir Amireche"
John Was Trying to Contact Aliens,"Documentary, Short, Biography",Matthew Killip,"John Shepherd, John Litrenta"
Rising Phoenix,"Documentary, Sport",Ian Bonhôte,"Jean-Baptiste Alaize, Ryley Batt, Ellie Cole"
My Octopus Teacher,Documentary,Pippa Ehrlich,"Craig Foster, Tom Foster"
The Social Dilemma,"Documentary, Drama",Jeff Orlowski,"Tristan Harris, Jeff Seibert, Bailey Richardson"
Hope Frozen,"Documentary, Drama",Pailin Wedel,"Max More, Matrix Naovaratpong, Nareerat Naovaratpong"
Gims: On the Record,"Documentary, Music",Florent Bodin,"Chaz Hodges, Lorene Chesley, Maître Gims"
A Love Song for Latasha,"Documentary, Short, Biography",Sophia Nahli Allison,"Tybie O'Bard, Shinese Harlins, Zoe Flint"
American Murder: The Family Next Door,"Documentary, Crime",Jenny Popplewell,"Nickole Atkinson, Jim Benemann, Luke Epple"
Dick Johnson Is Dead,"Documentary, Biography, Drama",Kirsten Johnson,"Michael Hilow, Ana Hoffman, Dick Johnson"
David Attenborough: A Life on Our Planet,"Documentary, Biography",Alastair Fothergill,"David Attenborough, Max Hughes"
Blackpink: Light Up the Sky,"Documentary, Music",Caroline Suh,"Reila Post, Blackpink, Jennie Kim"
The Three Deaths of Marisela Escobedo,"Documentary, Crime",Carlos Perez Osorio,"Juan Manuel Fraire Escobedo, Alejandro Fraire, Blanca Escobedo"
Rooting for Roona,"Documentary, Short, Drama",Pavitra Chalam,No Cast Available
Secrets of the Saqqara Tomb,"Documentary, History",James Tovell,"Ahmed Zikrey Abdellhak, Ghareeb Ali Mohammed Abushousha, Nabil Eldaleel"
Shawn Mendes: In Wonder,"Documentary, Music",Grant Singer,"Shawn Mendes, Camila Cabello, Evan A. Dunn"
Dance Dreams: Hot Chocolate Nutcracker,"Documentary, Family",Oliver Bokelberg,"Debbie Allen, Tichina Arnold, Vivian Nixon"
Giving Voice,Documentary,James D. Stern,"Mary Alice, Annette Bening, Glenn Close"
What Did Jack do?,"Short, Comedy, Crime",David Lynch,"Jack Cruz, David Lynch, Toototabon"
Road to Roma,Documentary,Andres Clariond,"Yalitza Aparicio, Odín Ayala, Eugenio Caballero"
Sitara: Let Girls Dream,"Animation, Short, Drama",Sharmeen Obaid-Chinoy,No Cast Available
Ben Platt Live from Radio City Music Hall,Music,Alex Timbers,"Ben Platt, Crystal Monee Hall, Kojo Littles"
Sarah Cooper: Everything's Fine,Comedy,Natasha Lyonne,"Marisa Tomei, Winona Ryder, Aubrey Plaza"
Alien Xmas,"Animation, Short, Adventure",Stephen Chiodo,"Keythe Farley, Dee Bradley Baker, Kaliayh Rhambo"
If Anything Happens I Love You,"Animation, Short, Drama",Will McCormack,Muneer Lyati
Canvas,"Animation, Short, Drama",Frank E. Abney III,No Cast Available
"Ariana Grande: Excuse Me, I Love You","Documentary, Music",Paul Dugdale,"Ariana Grande, Joesar Alva, Luis Bong Buno IV"
Death to 2020,Comedy,Al Campbell,"Samuel L. Jackson, Hugh Grant, Lisa Kudrow"
What Happened to Mr. Cha?,"Comedy, Drama",Dong-kyu Kim,"Cha In-pyo, Jae-Ryong Song"
Pieces of a Woman,Drama,Kornél Mundruczó,"Vanessa Kirby, Shia LaBeouf, Ellen Burstyn"
Stuck Apart,"Comedy, Drama",Taylan Biraderler,"Engin Günaydin, Haluk Bilginer, Binnur Kaya"
The Heartbreak Club,"Comedy, Drama, Romance",Charles Gozali Bagus Bramanti,"Bhisma Mulia, Denira Wiraguna, Fransisca Saraswati Puspa Dewi"
Double Dad,"Comedy, Drama, Family",Cris D'Amato,"Bill Rogers, Maisa Silva, Eduardo Moscovis"
Outside the Wire,"Action, Adventure, Fantasy",Mikael Håfström,"Anthony Mackie, Damson Idris, Enzo Cilenti"
Tribhanga,"Drama, Family",Renuka Shahane,"Kajol, Tanvi Azmi, Mithila Palkar"
The White Tiger,"Crime, Drama",Ramin Bahrani,"Adarsh Gourav, Rajkummar Rao, Priyanka Chopra Jonas"
June & Kopi,"Drama, Family, Musical",Ahammed Khabeer,"Rajisha Vijayan, Sarjano Khalid, Joju George"
Finding ʻOhana,"Action, Adventure, Comedy",Jude Weng,"Kea Peahu, Alex Aiono, Lindsay Watson"
The Dig,"Biography, Drama, History",Simon Stone,"Carey Mulligan, Ralph Fiennes, Lily James"
Below Zero,"Action, Adventure, Crime",Lluís Quílez,"Javier Gutiérrez, Karra Elejalde, Luis Callejo"
The Last Paradise,"Documentary, Romance",Rocco Ricciardulli,"Vairia Hatamou, Terei Autoroi, Marii Hatuguto"
Malcolm & Marie,"Comedy, Crime, Sci-Fi",Sam Levinson,"Colin Friels, John Hargreaves, Lindy Davies"
Space Sweepers,"Action, Adventure, Drama",Jo Sung-hee,"Song Joong-ki, Kim Tae-ri, Jin Seon-kyu"
The Misadventures of Hedi and Cokeman,"Action, Comedy, Crime",Julien Hollande,"Dana Abed, Ali D, Hedi Bouchenafa"
Red Dot,"Drama, Horror, Thriller",Alain Darborg,"Nanna Blondell, Anastasios Soulis, Thomas Hanzon"
Squared Love,"Comedy, Romance",Filip Zylber,"Adrianna Chlebicka, Mateusz Banasiuk, Agnieszka Zulewska"
To All the Boys: Always and Forever,"Comedy, Drama, Romance",Michael Fimognari,"Lana Condor, Noah Centineo, Janel Parrish"
Geez & Ann,"Drama, Romance",Rizki Balki,"Junior Roberts, Hanggini, Roy Sungkono"
Crazy About Her,"Comedy, Romance",Dani de la Orden,"Álvaro Cervantes, Susana Abaitua, Luis Zahera"
The Girl on the Train,"Crime, Drama, Mystery",Ribhu Dasgupta,"Emily Blunt, Haley Bennett, Rebecca Ferguson"
Moxie,"Comedy, Drama, Music",Amy Poehler,"Hadley Robinson, Lauren Tsai, Alycia Pascual-Pena"
Sentinelle,"Action, Crime, Drama",Julien Leclercq,"Olga Kurylenko, Marilyn Lima, Michel Nabokoff"
Yes Day,"Comedy, Family",Miguel Arteta,"Jennifer Garner, Edgar Ramírez, Jenna Ortega"
Paper Lives,Drama,Can Ulkay,"Çagatay Ulusoy, Emir Ali Dogrul, Ersin Arici"
Caught by a Wave,"Drama, Romance, Sport",Massimiliano Camaiti,"Elvira Camarrone, Roberto Christian, Donatella Finocchiaro"
A Week Away,"Drama, Family, Musical",Roman White,"Kevin Quinn, Bailee Madison, Jahbril Cook"
Bad Trip,Comedy,Kitao Sakurai,"Eric André, Michaela Conlin, Lil Rel Howery"
Pagglait,"Comedy, Drama",Umesh Bist,"Sanya Malhotra, Sayani Gupta, Sheeba Chaddha"
Tersanjung the Movie,"Drama, Romance",Pandu Adjisurya,"Clara Bernadeth, Giorgino Abraham, Kevin Ardilova"
Concrete Cowboy,"Drama, Western",Ricky Staub,"Idris Elba, Caleb McLaughlin, Lorraine Toussaint"
Just Say Yes,"Comedy, Romance",Appie Boudellah,"Yolanthe Cabau, Noortje Herlaar, Jim Bakkum"
Madame Claude,"Biography, Crime, Drama",Sylvie Verheyde,"Karole Rocher, Garance Marillier, Roschdy Zem"
Have You Ever Seen Fireflies?,"Comedy, Drama",Andaç Haznedaroğlu,"Ecem Erkek, Devrim Yakut, Engin Alkan"
Night in Paradise,"Action, Crime, Drama",Park Hoon-jung,"Tae-goo Eom, Jeon Yeo-been, Seung-Won Cha"
Thunder Force,"Action, Adventure, Comedy",Ben Falcone,"Melissa McCarthy, Octavia Spencer, Jason Bateman"
Prime Time,"Drama, Thriller",Jakub Piątek,"Bartosz Bielenia, Magdalena Poplawska, Andrzej Klak"
Ride or Die,"Crime, Drama, Romance",Ryuichi Hiroki,"Kiko Mizuhara, Honami Satô, Shinya Niiro"
Ajeeb Daastaans,"Drama, Romance",Neeraj Ghaywan,"Fatima Sana Shaikh, Jaideep Ahlawat, Armaan Ralhan"
Arlo the Alligator Boy,"Animation, Adventure, Comedy",Ryan Crego,"Michael J. Woodard, Ryan Crego, Dee Bradley Baker"
Get the Grift,"Comedy, Crime",Pedro Antônio Paes,"Marcus Majella, Samantha Schmütz, Zeca Carvalho"
Things Heard & Seen,"Drama, Horror, Mystery",Shari Springer Berman Robert Pulcini,"Amanda Seyfried, James Norton, Natalia Dyer"
The Disciple,"Drama, Music",Chaitanya Tamhane,"Aditya Modak, Arun Dravid, Sumitra Bhave"
Monster,"Biography, Crime, Drama",Anthony Mandler,"Charlize Theron, Christina Ricci, Bruce Dern"
Oxygen,"Drama, Fantasy, Sci-Fi",Alexandre Aja,"Mélanie Laurent, Mathieu Amalric, Malik Zidi"
Ferry,"Action, Crime, Drama",Cecilia Verheyden,"Frank Lammers, Elise Schaap, Huub Stapel"
I Am All Girls,"Crime, Drama, Mystery",Donovan Marsh,"Erica Wessels, Hlubi Mboya, Leshego Molokwane"
The Woman in the Window,"Crime, Drama, Mystery",Joe Wright,"Amy Adams, Gary Oldman, Anthony Mackie"
Sardar Ka Grandson,"Comedy, Drama, Romance",Kaashvie Nair,"John Abraham, Aditi Rao Hydari, Rakul Preet Singh"
Army of the Dead,"Action, Crime, Drama",Zack Snyder,"Dave Bautista, Ella Purnell, Ana de la Reguera"
Baggio: The Divine Ponytail,"Biography, Drama, Sport",Letizia Lamartire,"Andrea Arcangeli, Valentina Bellè, Thomas Trabacchi"
Ghost Lab,"Drama, Horror, Thriller",Paween Purijitpanya,"Thanapob Leeratanakachorn, Paris Intarakomalyasut, Nuttanicha Dungwattanawanich"
Blue Miracle,"Adventure, Biography, Drama",Julio Quintana,"Dennis Quaid, Jimmy Gonzales, Miguel Angel Garcia"
Carnaval,Comedy,Leandro Neri,"Alexandre Moreira, Antônio Rafaski, Bruna Inocencio"
Dancing Queens,"Comedy, Drama",Helena Bergström,"Rakel Wärmländer, Emil Almén, Molly Nutley"
Sweet & Sour,"Comedy, Romance",Lee Gye-byeok,"Reese Witherspoon, Patrick Dempsey, Josh Lucas"
Trippin' with the Kandasamys,"Comedy, Romance",Jayan Moodley,"Mariam Bassa, Rushil Juglall, Vashir Kemraj"
Xtreme,"Action, Crime, Drama",Daniel Benmayor,"Teo García, Óscar Jaenada, Óscar Casas"
Awake,"Crime, Drama, Mystery",Mark Raso,"Hayden Christensen, Jessica Alba, Terrence Howard"
Tragic Jungle,"Adventure, Drama, Mystery",Yulene Olaizola,"Indira Rubie Andrewin, Gilberto Barraza, Mariano Tun Xool"
Skater Girl,"Drama, Family, Sport",Manjari Makijany,"Waheeda Rehman, Amy Maghera, Sahidur Rahaman"
Ali & Ratu Ratu Queens,"Biography, Drama, Sport",Lucky Kuswandi,"Will Smith, Jamie Foxx, Jon Voight"
Jagame Thandhiram,"Action, Crime, Drama",Karthik Subbaraj,"Dhanush, James Cosmo, Aishwarya Lekshmi"
Good on Paper,"Comedy, Romance",Kimmy Gatewood,"Iliza Shlesinger, Britney Young, Christopher Nicholas Smith"
America: The Motion Picture,"Animation, Action, Adventure",Matt Thompson,"Channing Tatum, Jason Mantzoukas, Olivia Munn"
Fear Street Part One: 1994,"Drama, Horror, Mystery",Leigh Janiak,"Kiana Madeira, Olivia Scott Welch, Benjamin Flores Jr."
The 8th Night,"Horror, Thriller",Kim Tae-hyoung,"Lee Sung-min, Park Hae-joon, Kim Yoo-jung"
Haseen Dillruba,"Crime, Drama, Mystery",Vinil Mathew,"Taapsee Pannu, Vikrant Massey, Harshvardhan Rane"
Fear Street Part Two: 1978,"Drama, Horror, Mystery",Leigh Janiak,"Sadie Sink, Emily Rudd, Ryan Simpkins"
Last Summer,"Drama, Romance",Ozan Açıktan,"Fatih Berk Sahin, Ece Çesmioglu, Halit Özgür Sari"
A Classic Horror Story,"Drama, Horror, Mystery",Roberto De Feo,"Matilda Anna Ingrid Lutz, Francesco Russo, Peppino Mazzotta"
A Perfect Fit,"Comedy, Drama, Romance",Hadrah Daeng Ratu,"Nadya Arina, Refal Hady, Giorgino Abraham"
My Amanda,"Drama, Romance",Alessandra de Rossi,"Alessandra De Rossi, Piolo Pascual, Luz Valdez"
Deep,"Drama, Mystery, Sci-Fi",Sita Likitvanichkul,"Panisara Rikulsurakan, Kay Lertsittichai, Supanaree Sutavijitvong"
Fear Street: Part Three: 1666,"Horror, Mystery",Leigh Janiak,"Kiana Madeira, Ashley Zukerman, Gillian Jacobs"
Trollhunters: Rise of the Titans,"Animation, Action, Adventure",Johane Matte,"Steve Alterman, Kay Bess, Brian Blessed"
Blood Red Sky,"Action, Adventure, Drama",Peter Thorwarth,"Peri Baumeister, Carl Anton Koch, Alexander Scheer"
Bankrolled,Comedy,Marcos Bucay,"Aldo Escalante Ochoa, Ricardo Polanco, Natalia Téllez"
Bartkowiak,"Action, Crime, Sport",Daniel Markowicz,"Józef Pawlowski, Zofia Domalik, Szymon Bobrowski"
Resort to Love,"Comedy, Romance",Steven Tsuchida,"Christina Milian, Tymberlee Hill, Kayne Lee Harrison"
The Last Mercenary,"Action, Adventure, Comedy",David Charhon,"Jean-Claude Van Damme, Alban Ivanov, Samir Decazza"
The Kissing Booth 3,"Comedy, Romance",Vince Marcello,"Joey King, Joel Courtney, Jacob Elordi"
Beckett,"Action, Crime, Drama",Ferdinando Cito Filomarino,"John David Washington, Boyd Holbrook, Vicky Krieps"
Black Island,"Drama, Mystery, Thriller",Miguel Alexandre,"Philip Froissant, Alice Dwyer, Hanns Zischler"
The Secret Diary of an Exchange Student,"Comedy, Romance",Bruno Garotti,"Larissa Manoela, Thati Lopes, Bruno Montaleone"
Sweet Girl,"Action, Drama, Thriller",Brian Andrew Mendoza,"Jason Momoa, Isabela Merced, Manuel Garcia-Rulfo"
The Loud House Movie,"Animation, Adventure, Comedy",Dave Needham,"Asher Bishop, David Tennant, Michelle Gomez"
The Witcher: Nightmare of the Wolf,"Animation, Action, Adventure",Kwang Il Han,"Theo James, Mary McDonnell, Lara Pulver"
He's All That,"Comedy, Romance",Mark Waters,"Addison Rae, Tanner Buchanan, Madison Pettis"
Afterlife of the Party,"Comedy, Drama, Fantasy",Stephen Herek,"Victoria Justice, Midori Francis, Robyn Scott"
JJ+E,"Drama, Romance",Alexis Almström,"Mustapha Aarab, Elsa Öhrn, Jonay Pineda Skallak"
Kate,"Action, Adventure, Crime",Cedric Nicolas-Troyan,"Mary Elizabeth Winstead, Woody Harrelson, Miku Martineau"
Prey,"Action, Adventure, Drama",Thomas Sieben,"Amber Midthunder, Dakota Beavers, Dane DiLiegro"
Nightbooks,"Family, Fantasy, Horror",David Yarovesky,"Winslow Fegley, Lidya Jewett, Krysten Ritter"
Ankahi Kahaniya,"Drama, Romance",Abhishek Chaubey Saket Chaudhary Ashwiny Iyer Tiwari,"Abhishek Banerjee, T.J. Bhanu, Nikhil Dwivedi"
Confessions of an Invisible Girl,"Comedy, Drama",Bruno Garotti,"Lucca Picon, Marcus Bessa, Caio Cabral"
Intrusion,"Action, Drama, Mystery",Adam Salky,"Freida Pinto, Logan Marshall-Green, Robert John Burke"
The Starling,"Comedy, Drama",Theodore Melfi,"Melissa McCarthy, Chris O'Dowd, Kevin Kline"
Friendzone,"Comedy, Romance",Charles Van Tieghem,"Mickaël Lumière, Manon Azem, Fadily Camara"
No One Gets Out Alive,"Drama, Horror, Mystery",Santiago Menghini,"Phil Robertson, Joana Borja, Victoria Alcock"
Sounds Like Love,"Comedy, Music, Romance",Juana Macías,"María Valverde, Álex González, Elisabet Casanovas"
Forever Rich,"Comedy, Crime, Drama",Shady El-Hamus,"Matteo van der Grijn, Jonas Smulders, Hadewych Minis"
Swallow,"Drama, Thriller",Kunle Afolayan,"Haley Bennett, Austin Stowell, Denis O'Hare"
The Guilty,"Crime, Drama, Thriller",Antoine Fuqua,"Jake Gyllenhaal, Riley Keough, Peter Sarsgaard"
There's Someone Inside Your House,"Horror, Mystery, Thriller",Patrick Brice,"Sydney Park, Théodore Pellerin, Asjha Cooper"
Grudge,"Crime, Drama, Mystery",Türkan Derya,"Yilmaz Erdogan, Ahmet Mümtaz Taylan, Cem Yigit Uzümoglu"
"My Brother, My Sister",Drama,Roberto Capucci,"Alessandro Preziosi, Claudia Pandolfi, Stella Egitto"
Bright: Samurai Soul,"Animation, Action, Adventure",Kyōhei Ishiguro,"Simu Liu, Matthew Yang King, Keone Young"
Fever Dream,"Drama, Horror, Mystery",Claudia Llosa,"María Valverde, Jolene Andersen, Dolores Fonzi"
Operation Hyacinth,"Crime, Drama",Piotr Domalewski,"Tomasz Zietek, Hubert Milkowski, Marek Kalita"
A World Without,"Drama, Mystery, Sci-Fi",Nia Di Nata,"Amanda Rawles, Maizura, Asmara Abigail"
The Four of Us,"Comedy, Drama, Romance",Florian Gottschick,"Nilam Farooq, Louis Nitsche, Jonas Nay"
Night Teeth,"Action, Crime, Drama",Adam Randall,"Jorge Lendeborg Jr., Debby Ryan, Lucy Fry"
Stuck Together,Comedy,Dany Boon,"Dany Boon, François Damiens, Laurence Arné"
Little Big Mouth,"Comedy, Music, Romance",Gray Hofmeyr,"Jacques Adriaanse, James Borthwick, Charlie Bouguenon"
Hypnotic,"Action, Mystery, Thriller",Matt Angel,"Ben Affleck, Alice Braga, JD Pardo"
Army of Thieves,"Action, Comedy, Crime",Matthias Schweighöfer,"Matthias Schweighöfer, Nathalie Emmanuel, Ruby O. Fee"
The Harder They Fall,"Action, Drama, Western",Jeymes Samuel,"Jonathan Majors, Zazie Beetz, RJ Cyler"
Love Hard,"Comedy, Romance",Hernán Jiménez,"Nina Dobrev, Jimmy O. Yang, Darren Barnet"
Meenakshi Sundareshwar,"Comedy, Romance",Vivek Soni,"Sanya Malhotra, Abhimanyu Dasani, Shivkumar Subramaniam"
We Couldn't Become Adults,"Drama, Romance",Yoshihiro Mori,"Takehiro Hira, Rich Ting, Masahiro Higashide"
Yara,"Crime, Drama, Thriller",Marco Tullio Giordana,"Isabella Ragonese, Alessio Boni, Thomas Trabacchi"
Father Christmas Is Back,Comedy,Philippe Martinez,"Elizabeth Hurley, John Cleese, Kelsey Grammer"
Happiness Is A Four-Letter Word,"Drama, Romance",Thabang Moleya,"Mmabatho Montsho, Khanyi Mbau, Renate Stuurman"
Passing,Drama,Rebecca Hall,"Tessa Thompson, Ruth Negga, André Holland"
7 Prisoners,"Crime, Drama",Alexandre Moratto,"Christian Malheiros, Rodrigo Santoro, Lucas Oranmian"
Red Notice,"Action, Comedy, Thriller",Rawson Marshall Thurber,"Dwayne Johnson, Ryan Reynolds, Gal Gadot"
Just Short of Perfect,"Comedy, Romance",Ale McHaddo,"Juliana Paes, Leandro Hassum, Marcelo Laham"
Dhamaka,"Action, Crime, Drama",Ram Madhvani,"Kartik Aaryan, Mrunal Thakur, Amruta Subhash"
Love Me Instead,Drama,Mehmet Ada Öztekin,"Sarp Akkaya, Songül Öden, Ercan Kesal"
"Tick, Tick... Boom!","Biography, Comedy, Drama",Lin-Manuel Miranda,"Andrew Garfield, Alexandra Shipp, Robin de Jesus"
Bruised,"Drama, Sport",Halle Berry,"Halle Berry, Adan Canto, Sheila Atim"
A Castle for Christmas,"Adventure, Comedy, Drama",Mary Lambert,"Brooke Shields, Cary Elwes, Lee Ross"
The Power of the Dog,"Drama, Western",Jane Campion,"Benedict Cumberbatch, Kirsten Dunst, Jesse Plemons"
Single All the Way,"Comedy, Drama, Romance",Michael Mayer,"Michael Urie, Philemon Chambers, Luke Macfarlane"
The Whole Truth,"Crime, Drama, Mystery",Courtney Hunt,"Keanu Reeves, Renée Zellweger, Gugu Mbatha-Raw"
Mixtape,"Comedy, Drama, Family",Valerie Weiss,"Gemma Brooke Allen, Julie Bowen, Audrey Hsieh"
David and the Elves,"Comedy, Family, Fantasy",Michał Rogalski,"Cyprian Grabowski, Jakub Zajac, Cezary Zak"
Asakusa Kid,"Biography, Drama",Gekidan Hitori,"Gina Su, Keiko Agena, Feodor Chin"
Anonymously Yours,"Drama, Romance",Maria Torres,"Annie Cabello, Harold Azuara, Estefi Merelles"
Back to the Outback,"Animation, Adventure, Comedy",Clare Knight,"Eric Bana, Tim Minchin, Miranda Tapsell"
The Unforgivable,"Crime, Drama",Nora Fingscheidt,"Sandra Bullock, Viola Davis, Vincent D'Onofrio"
The Hand of God,Drama,Paolo Sorrentino,"Filippo Scotti, Toni Servillo, Teresa Saponangelo"
A California Christmas: City Lights,"Comedy, Drama, Romance",Shaun Piccinino,"Lauren Swickard, Josh Swickard, Ali Afshar"
A Naija Christmas,"Comedy, Drama, Romance",Kunle Afolayan,"Onikosi Bukola Abisoye, Lateef Adedimeji, Abayomi Alvin"
Grumpy Christmas,Comedy,Raúl Martínez,"Héctor Bonilla, Jacqueline Bracamontes, Juan Pablo de Santiago"
1000 Miles from Christmas,"Comedy, Romance",Álvaro Fernández Armero,"Tamar Novas, Andrea Ros, Mar del Hoyo"
Don't Look Up,"Comedy, Drama, Sci-Fi",Adam McKay,"Leonardo DiCaprio, Jennifer Lawrence, Meryl Streep"
Minnal Murali,"Action, Comedy, Drama",Basil Joseph,"Tovino Thomas, Guru Somasundaram, Aju Varghese"
Lulli,"Comedy, Romance",César Rodrigues,"Larissa Manoela, Vinícius Redd, Amanda de Godoi"
Hilda and the Mountain King,"Animation, Adventure, Comedy",Andy Coyle,"Bella Ramsey, Ameerah Falzon, Oliver Nelson"
The Minimalists: Less Is Now,Documentary,Matt D'Avella,"Joshua Fields Millburn, Ryan Nicodemus, Dave Ramsey"
Tony Parker: The Final Shot,"Documentary, Biography, Sport",Florent Bodin,Tony Parker
"Crack: Cocaine, Corruption & Conspiracy","Documentary, Crime, History",Stanley Nelson Jr.,"Elizabeth Hinton, Nelson George, Alan Charles"
What Would Sophia Loren Do?,"Documentary, Short, Biography",Ross Kauffman,"Nancy Kulik, Sophia Loren, Edoardo Ponti"
"Strip Down, Rise Up",Documentary,Michèle Ohayon,"Keith Ballinger, Amy Bond, Jenyne Butterfly"
Biggie: I Got a Story to Tell,"Documentary, Biography, Music",Emmett Malloy,"The Notorious B.I.G., Damion Butler, Sean 'Diddy' Combs"
Seaspiracy,"Documentary, Adventure",Ali Tabrizi,"Ali Tabrizi, Richard O'Barry, Lucy Tabrizi"
Dolly Parton: A MusiCares Tribute,"Documentary, Music",Christian Lamb,Brooke Weirick
Why Did You Kill Me?,"Documentary, Crime",Fredrick Munk,"Belinda Lane, Justin Theobald, Jaimie"
Chadwick Boseman: Portrait of an Artist,"Documentary, Short",Awol Erizku,"Chadwick Boseman, Viola Davis, Danai Gurira"
Searching for Sheela,"Documentary, Biography, Crime",Shakun Batra,"Ma Anand Sheela, Shoma Chaudhury, Anurag Chauhan"
Nail Bomber: Manhunt,"Documentary, Crime, History",Daniel Vernon,"David Copeland, Arthur, Talent Chioma Mundy-Castle"
Breaking Boundaries: The Science of Our Planet,Documentary,Jon Clay,"David Attenborough, Elena Bennett, Jason Box"
Kitty Love: An Homage to Cats,Documentary,Mark Verkerk,"Abatutu, Nicolette Kluijver, Djae Van der Helm"
Murder by the Coast,"Documentary, Crime, History",Tània Balló,No Cast Available
Sisters on Track,"Documentary, Sport",Tone Grøttjord-Glenne Corinne van der Borch,"Rainn Sheppard, Tai Sheppard, Brooke Sheppard"
Audible,"Documentary, Short, Sport",Matthew Ogens,Amaree McKenstry-Hall
Pray Away,Documentary,Kristine Stolakis,"Yvette Cantu Schneider, Michael Bussee, John Paulk"
Untold: Malice at the Palace,"Documentary, Crime, Sport",Floyd Russ,"Jermaine O'Neal, Stephen Jackson, Metta World Peace"
Untold: Deal with the Devil,"Documentary, Crime, Sport",Laura Brownson,"Christy Martin, Joyce Salters, Johnny Salters"
Memories of a Murderer: The Nilsen Tapes,"Documentary, Biography, Crime",Michael Harte,"Douglas Bence, Bob Brenton, Mike Cattran"
Untold: Caitlyn Jenner,"Documentary, Sport",Crystal Moselle,"Caitlyn Jenner, Esther Jenner, Chrystie Scott"
"Bob Ross: Happy Accidents, Betrayal & Greed",Documentary,Joshua Rofé,"Bob Ross, Steve Ross, Vicky Ross"
Untold: Crimes & Penalties,"Documentary, Crime, Sport",Chapman Way,"Richard Brosal, James Galante, A.J. Galante"
Untold: Breaking Point,"Documentary, Sport",Chapman Way,"Mardy Fish, Kevin O'Connor, Tom Fish"
Blood Brothers: Malcolm X & Muhammad Ali,"Documentary, Biography, History",Marcus A. Clarke,"Ilyasah Shabazz, Rahman Ali, Cornel West"
Schumacher,"Documentary, Biography, Sport",Hanns-Bruno Kammertöns,"Ross Brawn, Flavio Briatore, Luca Cordero di Montezemolo"
Britney Vs Spears,"Documentary, Biography, Music",Erin Lee Carr,"Britney Spears, Erin Lee Carr, Jenny Eliscu"
Convergence: Courage in a Crisis,Documentary,Orlando von Einsiedel,"Tedros Adhanom Ghebreyesus, Hassan Akkad, Renata Alves"
Found,"Drama, Horror, Thriller",Scott Schirmer,"Gavin Brown, Ethan Philbeck, Phyllis Munro"
A Cop Movie,"Documentary, Action, Crime",Alonso Ruizpalacios,"Leonardo Alonso, Raúl Briones, Mónica Del Carmen"
Procession,Documentary,Robert Greene,"Joe Eldred, Mike Foreman, Ed Gavagan"
14 Peaks: Nothing Is Impossible,"Documentary, Adventure, Sport",Torquil Jones,"Nirmal Purja, Suchi Purja, Klára Kolouchová"
Lead Me Home,"Short, Documentary",Pedro Kos Jon Shenk,No Cast Available
Puff: Wonders of the Reef,"Documentary, Family",Nick Robinson,Rose Byrne
Monster Hunter: Legends of the Guild,"Animation, Action, Adventure",Steve Yamamoto,"Dante Basco, Erica Lindbeck, Brando Eaton"
Robin Robin,"Animation, Short, Adventure",Dan Ojari Mikey Please,"Bronte Carmichael, Richard E. Grant, Gillian Anderson"
Death to 2021,Comedy,Jack Clough,"Hugh Grant, Joe Keery, William Jackson Harper"
Four to Dinner,"Comedy, Romance",Alessio Maria Federici,"Ilenia Pastorelli, Matilde Gioli, Giuseppe Maggio"
The Wasteland,"Drama, Horror, Mystery",David Casademunt,"Inma Cuesta, Roberto Álamo, Alejandra Howard"
How I Fell in Love with a Gangster,"Crime, Drama",Maciej Kawulski,"Tomasz Wlosok, Aleks Kurdzielewicz, Antoni Królikowski"
Brazen,"Crime, Drama, Mystery",Monika Mitchell,"Alyssa Milano, Sam Page, Malachi Weir"
Photocopier,"Crime, Drama, Mystery",Wregas Bhanuteja,"Shenina Cinnamon, Dea Panendra, Giulio Parengkuan"
This Is Not a Comedy,"Comedy, Drama",Rodrigo Guardiola,"Gabriel Nuncio, Cassandra Ciangherotti, Adriana Paz"
The Royal Treatment,"Comedy, Family, Romance",Rick Jacobson,"Laura Marano, Mena Massoud, Julie Edwards"
Amandla,"Crime, Drama",Nerina De Jager,"Lemogang Tsipa, Thabo Rametsi, Thabiso Masoti"
Munich – The Edge of War,"Biography, Drama, History",Christian Schwochow,"George MacKay, Jannis Niewöhner, Jeremy Irons"
My Father's Violin,Drama,Andaç Haznedaroğlu,"Engin Altan Düzyatan, Belçim Bilgin, Gülizar Nisa Uray"
Home Team,"Comedy, Sport",Charles Kinnane,"Kevin James, Taylor Lautner, Rob Schneider"
Looop Lapeta,"Action, Comedy, Crime",Aakash Bhatia,"Taapsee Pannu, Tahir Raj Bhasin, Dibyendu Bhattacharya"
Through My Window,"Comedy, Drama, Romance",Marçal Forés,"Clara Galle, Julio Peña, Guillermo Lasheras"
The Privilege,"Drama, Horror, Mystery",Felix Fuchssteiner,"Max Schimmelpfennig, Lea van Acken, Tijan Marei"
Into the Wind,"Comedy, Drama, Romance",Kristoffer Rus,"Sonia Mietielica, Jakub Sasak, Waleria Gorobets"
Love and Leashes,"Comedy, Romance",Park Hyun-jin,"Seohyun, Lee Joon-young, Lee El"
Love Tactics,"Comedy, Romance",Emre Kabakuşak,"Demet Özdemir, Sükrü Özyildiz, Atakan Çelik"
Tall Girl 2,"Comedy, Drama, Family",Emily Ting,"Ava Michelle, Griffin Gluck, Sabrina Carpenter"
Fistful of Vengeance,"Action, Crime, Drama",Roel Reiné,"Iko Uwais, Lewis Tan, Lawrence Kao"
Texas Chainsaw Massacre,"Crime, Horror, Thriller",David Blue Garcia,"Sarah Yarkin, Elsie Fisher, Mark Burnham"
UFO,"Drama, Mystery, Sci-Fi",Ryan Eslinger,"Alex Sharp, Gillian Anderson, Ella Purnell"
A Madea Homecoming,"Comedy, Drama, Romance",Tyler Perry,"Tyler Perry, Cassi Davis, David Mann"
Restless,"Drama, Romance",Régis Blondeau,"Mia Wasikowska, Henry Hopper, Ryo Kase"
Against the Ice,"Adventure, Drama, History",Peter Flinth,"Nikolaj Coster-Waldau, Joe Cole, Heida Reed"
The Weekend Away,"Crime, Drama, Mystery",Kim Farrant,"Leighton Meester, Christina Wolfe, Ziad Bakri"
The Invisible Thread,"Comedy, Drama, Family",Marco Simon Puccioni,"Filippo Timi, Francesco Scianna, Francesco Gheghi"
The Adam Project,"Action, Adventure, Comedy",Shawn Levy,"Ryan Reynolds, Walker Scobell, Mark Ruffalo"
Rescued by Ruby,"Biography, Drama, Family",Katt Shea,"Grant Gustin, Scott Wolf, Kaylah Zander"
Windfall,"Crime, Drama, Thriller",Charlie McDowell,"Jason Segel, Lily Collins, Jesse Plemons"
In Good Hands,"Comedy, Drama, Romance",Ketche,"Asli Enver, Kaan Urgancioglu, Mert Ege Ak"
Love Like the Falling Petals,"Drama, Romance",Yoshihiro Fukagawa,"Andrew Russell, Kento Nakajima, Honoka Matsumoto"
All Hail,"Comedy, Drama",Marcos Carnevale,"Guillermo Francella, Peto Menahem, Romina Fernandes"
Apollo 10½: A Space Age Childhood,"Animation, Adventure, Drama",Richard Linklater,"Milo Coy, Jack Black, Lee Eddy"
Battle: Freestyle,"Drama, Music, Romance",Ingvild Søderlind,"Lisa Teige, Fabian Svegaard Tapia, Ellen Dorrit Petersen"
The Bubble,Comedy,Judd Apatow,"Harry Trevaldwyn, Samson Kayo, Peter Serafinowicz"
Cobalt Blue,"Drama, Romance",Sachin Kundalkar,"Neelay Mehendale, Joshi Anantvijay, Prateik Patil Babbar"
Dancing on Glass,"Drama, Thriller",Jota Linares,"María Pedraza, Paula Losada, Ana Wagener"
Metal Lords,"Comedy, Music",Peter Sollett,"Jaeden Martell, Adrian Greensmith, Isis Hainsworth"
Yaksha: Ruthless Operations,"Action, Crime, Thriller",Na Hyeon,"Sol Kyung-gu, Park Hae-soo, Hiroyuki Ikeuchi"
The Taming of the Shrewd,"Comedy, Romance",Anna Wieczur-Bluszcz,"Magdalena Lamparska, Mikolaj Roznerski, Piotr Cyrwus"
Choose or Die,"Drama, Horror, Thriller",Toby Meakins,"Iola Evans, Asa Butterfield, Robert Englund"
Man of God,"Biography, Drama",Bolanle Austen-Peters,"Aris Servetalis, Alexander Petrov, Mickey Rourke"
The Turning Point,"Drama, Music, Romance",Riccardo Antonaroli,"Anne Bancroft, Shirley MacLaine, Mikhail Baryshnikov"
365 Days: This Day,"Drama, Romance",Barbara Białowąs,"Anna-Maria Sieklucka, Michele Morrone, Simone Susinna"
Silverton Siege,"Action, Crime, Drama",Mandla Dube,"Thabo Rametsi, Arnold Vosloo, Noxolo Dlamini"
Bubble,"Crime, Drama, Mystery",Tetsurō Araki,"Debbie Doebereiner, Omar Cowan, Dustin James Ashley"
Along for the Ride,"Drama, Romance",Sofia Alvarez,"Emma Pasarow, Belmont Cameli, Laura Kariuki"
The Takedown,"Action, Comedy, Crime",Louis Leterrier,"Omar Sy, Laurent Lafitte, Izïa Higelin"
Thar,"Action, Crime, Drama",Raj Singh Chaudhary,"Anil Kapoor, Harshvardhan Kapoor, Fatima Sana Shaikh"
Senior Year,"Comedy, Drama",Alex Hardcastle,"Rebel Wilson, Angourie Rice, Mary Holland"
Toscana,"Drama, Romance",Mehdi Avaz,"Christopher, Cristiana Dell'Anna, Thue Ersted Rasmussen"
A Perfect Pairing,"Comedy, Romance",Stuart McDonald,"Victoria Justice, Adam Demos, Luca Asta Sardelis"
F*ck Love Too,"Comedy, Romance",Appie Boudellah,"Bo Maerten, Geza Weisz, Yolanthe Cabau"
Interceptor,"Action, Adventure, Drama",Matthew Reilly,"Elsa Pataky, Luke Bracey, Aaron Glenane"
Hustle,"Comedy, Drama, Sport",Jeremiah Zagar,"Adam Sandler, Queen Latifah, Juancho Hernangomez"
Centauro,"Animation, Short",Nicolás Suárez,"Walter Jakob, Agustín Alcides Otero"
Spiderhead,"Action, Crime, Drama",Joseph Kosinski,"Chris Hemsworth, Miles Teller, Jurnee Smollett"
Love & Gelato,"Drama, Romance",Brandon Camp,"Aomi Muyock, Karl Glusman, Klara Kristin"
Beauty,Drama,Andrew Dosunmu,"Deon Lotz, Charlie Keegan, Michelle Scott"
"Hello, Goodbye, and Everything in Between","Comedy, Drama, Romance",Michael Lewen,"Jordan Fisher, Talia Ryder, Ayo Edebiri"
The Sea Beast,"Animation, Adventure, Comedy",Chris Williams,"Karl Urban, Zaris-Angel Hator, Jared Harris"
Under the Amalfi Sun,"Comedy, Drama, Romance",Martina Pastori,"Lorenzo Zurzolo, Isabella Ferrari, Ludovica Martino"
Jaadugar,"Comedy, Drama, Fantasy",Sameer Saxena,"Jitendra Kumar, Arushi Sharma, Jaaved Jaaferi"
Persuasion,"Drama, Romance",Carrie Cracknell,"Richard E. Grant, Henry Golding, Ben Bailey Smith"
The Gray Man,"Action, Thriller",Anthony Russo Joe Russo,"Ryan Gosling, Chris Evans, Ana de Armas"
Purple Hearts,"Drama, Music, Romance",Elizabeth Allen Rosenbaum,"Sofia Carson, Nicholas Galitzine, Chosen Jacobs"
Wedding Season,"Comedy, Romance",Tom Dey,"Pallavi Sharda, Suraj Sharma, Arianna Afsar"
Carter,"Action, Thriller",Jung Byung-gil,"Joo Won, Kim Bo-Min, Sung-Jae Lee"
Darlings,"Comedy, Drama, Thriller",Jasmeet K. Reen,"Alia Bhatt, Shefali Shah, Vijay Varma"
Rise of the Teenage Mutant Ninja Turtles: The Movie,"Animation, Action, Adventure",Andy Suriano,"Ben Schwartz, Omar Benson Miller, Brandon Mychal Smith"
13: The Musical,"Comedy, Drama, Family",Tamra Davis,"Eli Golden, Josh Peck, Debra Messing"
Day Shift,"Action, Comedy, Fantasy",J. J. Perry,"Jamie Foxx, Dave Franco, Natasha Liu Bordizzo"
Look Both Ways,"Comedy, Drama, Romance",Wanuri Kahiu,"Lili Reinhart, Danny Ramirez, Aisha Dee"
The Next 365 Days,"Drama, Romance",Barbara Białowąs,"Anna-Maria Sieklucka, Michele Morrone, Simone Susinna"
Me Time,Comedy,John Hamburg,"Kevin Hart, Mark Wahlberg, Regina Hall"
Seoul Vibe,"Action, Comedy, Crime",Moon Hyun-sung,"Yoo Ah-in, Go Kyung-Pyo, Lee Kyoo-hyung"
I Came By,Thriller,Babak Anvari,"Antonio Aakeel, Alicia Ambrose-Bayly, Percelle Ascott"
End of the Road,"Action, Crime, Drama",Millicent Shelton,"Queen Latifah, Ludacris, Mychala Lee"
Broad Peak,"Adventure, Biography, Drama",Leszek Dawid,"Ireneusz Czop, Maja Ostaszewska, Piotr Glowacki"
Do Revenge,Comedy,Jennifer Kaytin Robinson,"Camila Mendes, Maya Hawke, Austin Abrams"
Drifting Home,"Animation, Adventure, Drama",Hiroyasu Ishida,"Mutsumi Tamura, Asami Seto, Ayumu Murase"
Jogi,"Drama, Thriller",Ali Abbas Zafar,"Diljit Dosanjh, Kumud Mishra, Mohd. Zeeshan Ayyub"
A Jazzman's Blues,Drama,Tyler Perry,"Joshua Boone, Amirah Vann, Solea Pfeiffer"
Lou,"Action, Adventure, Crime",Anna Foerster,"Allison Janney, Jurnee Smollett, Logan Marshall-Green"
Athena,"Action, Drama, Thriller",Romain Gavras,"Dali Benssalah, Sami Slimane, Anthony Bajon"
Blonde,"Drama, History",Andrew Dominik,"Ana de Armas, Lily Fisher, Julianne Nicholson"
Aníkúlápó,"Drama, Fantasy",Kunle Afolayan,"Adebowale Adedayo, Aderemi Adedeji, Bimbo Ademoye"
Plan A Plan B,"Comedy, Romance",Shashanka Ghosh,"Riteish Deshmukh, Tamannaah Bhatia, Poonam Dhillon"
Rainbow,"Comedy, Drama",Paco León,"Hetal Gada, Krrish Chhabria, Vipin Sharma"
Jumping from High Places,"Comedy, Drama, Romance",Andrea Jublin,"Federica Torchetti, Cristiano Caccamo, Celeste Savino"
Mr. Harrigan's Phone,"Drama, Horror, Mystery",John Lee Hancock,"Donald Sutherland, Jaeden Martell, Joe Tippett"
Luckiest Girl Alive,"Drama, Mystery, Thriller",Mike Barker,"Mila Kunis, Chiara Aurelia, Finn Wittrock"
The Curse of Bridge Hollow,"Adventure, Comedy, Family",Jeff Wadlow,"Marlon Wayans, Priah Ferguson, Kelly Rowland"
The School for Good and Evil,"Action, Comedy, Drama",Paul Feig,"Kit Young, Sophia Anne Caruso, Cate Blanchett"
20th Century Girl,"Drama, Romance",Bang Woo-ri,"Han Hyo-joo, Yuuki Luna, Harrison Xu"
Robbing Mussolini,"Action, Comedy, Crime",Renato De Maria,"Pietro Castellitto, Matilda De Angelis, Tommaso Ragno"
The Good Nurse,"Biography, Crime, Drama",Tobias Lindholm,"Eddie Redmayne, Jessica Chastain, Denise Pillott"
All Quiet on the Western Front,"Action, Drama, War",Edward Berger,"Felix Kammerer, Albrecht Schuch, Aaron Hilmer"
Wendell & Wild,"Animation, Adventure, Comedy",Henry Selick,"Lyric Ross, Keegan-Michael Key, Jordan Peele"
Wild Is the Wind,"Crime, Drama",Fabian Medea,"Mothusi Magano, Frank Rautenbach, Chris Chameleon"
Falling for Christmas,"Comedy, Romance",Janeen Damian,"Lindsay Lohan, Chord Overstreet, George Young"
"Monica, O My Darling","Comedy, Crime, Drama",Vasan Bala,"Rajkummar Rao, Huma Qureshi, Sikandar Kher"
My Father's Dragon,"Animation, Adventure, Comedy",Nora Twomey,"Jacob Tremblay, Golshifteh Farahani, Ian McShane"
The Wonder,"Drama, Mystery, Thriller",Sebastián Lelio,"Florence Pugh, Tom Burke, Kíla Lord Cassidy"
Christmas with You,"Comedy, Family, Romance",Gabriela Tagliavini,"Freddie Prinze Jr., Aimee Garcia, Kyndra Sanchez"
Slumberland,"Adventure, Comedy, Drama",Francis Lawrence,"Jason Momoa, Marlow Barkley, Chris O'Dowd"
The Swimmers,"Biography, Drama, Sport",Sally El-Hosaini,"Matthias Schweighöfer, Ali Suliman, James Krishna Floyd"
The Noel Diary,"Comedy, Drama, Romance",Charles Shyer,"Justin Hartley, Barrett Doss, Bonnie Bedelia"
A Man of Action,"Biography, Crime, Drama",Javier Ruiz Caldera,"Juan José Ballesta, Luis Callejo, Liah O'Prey"
My Name Is Vendetta,"Action, Crime, Drama",Cosimo Gomez,"Alessandro Gassmann, Ginevra Francesconi, Alessio Praticò"
Qala,"Drama, Music",Anvita Dutt,"Triptii Dimri, Babil Khan, Swastika Mukherjee"
Troll,"Action, Adventure, Drama",Roar Uthaug,"Ine Marie Wilmann, Kim Falck, Mads Sjøgård Pettersen"
Lady Chatterley's Lover,"Drama, Romance",Laure de Clermont-Tonnerre,"Emma Corrin, Jack O'Connell, Matthew Duckett"
Scrooge: A Christmas Carol,"Animation, Adventure, Comedy",Stephen Donnelly,"Luke Evans, Olivia Colman, Jessie Buckley"
Guillermo del Toro's Pinocchio,"Animation, Drama, Family",Guillermo del Toro,"Ewan McGregor, David Bradley, Gregory Mann"
The Big 4,"Action, Comedy, Crime",Timo Tjahjanto,"Abimana Aryasatya, Putri Marino, Lutesha"
"Bardo, False Chronicle of a Handful of Truths","Comedy, Drama",Alejandro G. Iñárritu,"Daniel Giménez Cacho, Griselda Siciliani, Ximena Lamadrid"
White Noise,"Drama, Horror, Mystery",Geoffrey Sax,"Michael Keaton, Deborah Kara Unger, Ian McNeice"
Three Songs for Benazir,"Documentary, Short",Elizabeth Mirzaei,No Cast Available
The Tinder Swindler,"Documentary, Crime",Felicity Morris,"Simon Leviev, Cecilie Fjellhøy, Ayleen Charlotte"
Downfall: The Case Against Boeing,Documentary,Rory Kennedy,"Donald Trump, Maria Bartiromo, Lester Holt"
Surviving Paradise: A Family Tale,Documentary,Renée Godfrey,Regé-Jean Page
Trust No One: The Hunt for the Crypto King,"Documentary, Crime",Luke Sewell,No Cast Available
Return to Space,Documentary,Jimmy Chin Elizabeth Chai Vasarhelyi,"Elon Musk, Bob Behnken, Douglas Hurley"
White Hot: The Rise & Fall of Abercrombie & Fitch,Documentary,Alison Klayman,"Benjamin O'Keefe, Bobby Blanski, Ryan Daharsh"
The Mystery of Marilyn Monroe: The Unheard Tapes,"Documentary, Biography",Emma Cooper,"Lauren Bacall, Gladys Baker, Ray Bull"
Our Father,"Documentary, Crime",Lucie Jourdan,"Jacoba Ballard, Julie Harmon, Matt White"
The Martha Mitchell Effect,"Documentary, Short, History",Anne Alvergue Debra McClutchy,"Martha Mitchell, Dwight Chapin, Connie Chung"
Girl in the Picture,"Documentary, Crime, Mystery",Skye Borgman,"Karen Parsley, Charles Engles, Merle Bean"
Stay on Board: The Leo Baker Story,"Documentary, Sport",Nicola Marsh,"Leo Baker, Melissa Bueno-Woerner, Alexis Sablone"
Untold: The Rise and Fall of AND1,"Documentary, History, Sport",Kevin Wilson Jr.,"Rafer Alston, Tom Austin, Seth Berger"
Untold: Operation Flagrant Foul,"Documentary, Crime, History",David Terry Fine,"Tim Donaghy, Matt Maltepes"
Into the Deep,"Documentary, Biography, Crime",Emma Sullivan,Peter Madsen
Descendant,"Documentary, History",Margaret Brown,"Theodore Arthur, Gary Autrey, Chris Davis"
Capturing the Killer Nurse,"Documentary, Crime",Tim Travers Hawkins,"Charles Cullen, Amy Loughren, Donna Hargreaves"
Is That Black Enough for You?!?,"Documentary, History",Elvis Mitchell,"Elvis Mitchell, Margaret Avery, Harry Belafonte"
Ghislaine Maxwell: Filthy Rich,"Documentary, Crime",Maiken Baird,"Ghislaine Maxwell, Jeffrey Epstein, Annie Farmer"
"""Sr.""","Documentary, Biography",Chris Smith,"Robert Downey Sr., Zaina Ali, Paul Thomas Anderson"
The Elephant Whisperers,"Documentary, Short",Kartiki Gonsalves,"Bellie, Bomman"
The House,"Comedy, Crime",Emma de Swaef,"Will Ferrell, Amy Poehler, Ryan Simpkins"
Cat Burglar,"Animation, Short, Comedy",James Bowman,"Alan Lee, James Adomian, Trevor Devall"
Entergalactic,"Animation, Comedy, Music",Fletcher Moules,"Kid Cudi, Jessica Williams, Laura Harrier"
The Pale Blue Eye,"Crime, Horror, Mystery",Scott Cooper,"Christian Bale, Harry Melling, Simon McBurney"
Noise,"Comedy, Crime, Drama",Natalia Beristáin,"Tim Robbins, William Hurt, Bridget Moynahan"
Dog Gone,"Biography, Drama, Family",Stephen Herek,"Rob Lowe, Johnny Berchtold, Kimberly Williams-Paisley"
Jung_E,"Action, Adventure, Drama",Yeon Sang-ho,"Kang Soo-youn, Kim Hyun-joo, Ryu Kyung-Soo"
Mission Majnu,"Action, Drama, History",Shantanu Bagchi,"Sidharth Malhotra, Rashmika Mandanna, Parmeet Sethi"
The Price of Family,Comedy,Giovanni Bognetti,"Christian De Sica, Angela Finocchiaro, Dharma Mangia Woods"
You People,"Comedy, Romance",Kenya Barris,"Jonah Hill, Lauren London, Eddie Murphy"
True Spirit,"Adventure, Biography, Drama",Sarah Spillane,"Alyla Browne, Teagan Croft, Cliff Curtis"
Infiesto,"Crime, Drama, Thriller",Patxi Amezcua,"Isak Férriz, Iria del Río, Antonio Buíl"
Your Place or Mine,"Comedy, Romance",Aline Brosh McKenna,"Reese Witherspoon, Ashton Kutcher, Zoe Chao"
Unlocked,"Action, Thriller",Kim Tae-joon,"Noomi Rapace, Orlando Bloom, Toni Collette"
The Strays,"Drama, Thriller",Nathaniel Martello-White,"Ashley Madekwe, Bukky Bakray, Jorden Myrie"
We Have a Ghost,"Adventure, Comedy, Family",Christopher Landon,"Jahi Di'Allo Winston, David Harbour, Anthony Mackie"
Have a Nice Day!,"Comedy, Drama",Yibrán Asuad,"Andrea Chaparro, Eduardo de la Peña, Álvaro Guerrero"
Luther: The Fallen Sun,"Crime, Drama, Mystery",Jamie Payne,"Idris Elba, Cynthia Erivo, Andy Serkis"
The Magician's Elephant,"Animation, Adventure, Comedy",Wendy Rogers,"Noah Jupe, Mandy Patinkin, Brian Tyree Henry"
Chor Nikal Ke Bhaga,"Crime, Drama, Thriller",Ajay Singh,"Yami Gautam, Sunny Kaushal, Sharad Kelkar"
Kill Boksoon,"Action, Thriller",Sung-hyun Byun,"Lee Jae-wook, Jeon Do-yeon, Lorna Duyn"
Murder Mystery 2,"Action, Comedy, Crime",Jeremy Garelick,"Adam Sandler, Jennifer Aniston, Mark Strong"
Chupa,"Action, Adventure, Drama",Jonás Cuarón,"Demián Bichir, Christian Slater, Evan Whitten"
A Tourist's Guide to Love,"Adventure, Comedy, Romance",Steven K. Tsuchida,"Rachael Leigh Cook, Scott Ly, Ben Feldman"
The Mother,"Action, Thriller",Niki Caro,"Jennifer Lopez, Lucy Paez, Omari Hardwick"
Fanfic,Drama,Marta Karwowska,"Alin Szewczyk, Jan Cieciara, Dobromir Dymecki"
Kathal,Comedy,Yashowardhan Mishra,"Ashraful Ashish, Poushal Chowdhury, Nawaf Naser"
Blood & Gold,"Action, Adventure, Family",Peter Thorwarth,"Daniel Radcliffe, Emma Watson, Rupert Grint"
Black Clover: Sword of the Wizard King,"Animation, Action, Adventure",Ayataka Tanemura,"Bryn Apprill, Tia Lynn Ballard, Steve Blum"
The Perfect Find,"Comedy, Drama, Romance",Numa Perrier,"Gabrielle Union, Keith Powers, Gina Torres"
Lust Stories 2,"Drama, Romance",R. Balki,"Tamannaah Bhatia, Vijay Varma, Neena Gupta"
Nimona,"Animation, Action, Adventure",Nick Bruno Troy Quane,"Chloë Grace Moretz, Riz Ahmed, Eugene Lee Yang"
The Out-Laws,"Action, Comedy, Crime",Tyler Spindel,"Adam Devine, Pierce Brosnan, Ellen Barkin"
Bird Box Barcelona,"Horror, Mystery, Sci-Fi",Álex Pastor,"Mario Casas, Georgina Campbell, Diego Calva"
The (Almost) Legends,"Comedy, Music",Ricardo Castro Velazquez,"Benny Emmanuel, Harold Azuara, Nora Velázquez"
They Cloned Tyrone,"Comedy, Mystery, Sci-Fi",Juel Taylor,"John Boyega, Jamie Foxx, Teyonah Parris"
Happiness for Beginners,"Comedy, Drama, Romance",Vicky Wight,"Ellie Kemper, Luke Grimes, Nico Santos"
Heart of Stone,"Action, Crime, Thriller",Tom Harper,"Gal Gadot, Jamie Dornan, Alia Bhatt"
The Monkey King,"Animation, Action, Adventure",Anthony Stacchi,"Jimmy O. Yang, Bowen Yang, Jolie Hoang-Rappaport"
You Are So Not Invited to My Bat Mitzvah,Comedy,Sammi Cohen,"Idina Menzel, Jackie Sandler, Adam Sandler"
The Great Seduction,Comedy,Celso R. García,"Guillermo Villegas, Pierre Louis, Yalitza Aparicio"
El Conde,"Comedy, Fantasy, History",Pablo Larraín,"Jaime Vadell, Gloria Münchmeyer, Alfredo Castro"
Love at First Sight,"Drama, Romance",Vanessa Caswill,"Haley Lu Richardson, Ben Hardy, Rob Delaney"
Jaane Jaan,"Crime, Drama, Mystery",Sujoy Ghosh,"Kareena Kapoor, Jaideep Ahlawat, Vijay Varma"
Spy Kids: Armageddon,"Action, Comedy, Family",Robert Rodriguez,"Connor Esterson, Everly Carganilla, Zachary Levi"
Love Is in the Air,"Comedy, Romance",Adrian Powers,"Ludivine Sagnier, Nicolas Bedos, Jonathan Cohen"
Nowhere,"Comedy, Drama, Sci-Fi",Albert Pintó,"James Duval, Rachel True, Nathan Bexton"
Reptile,"Crime, Drama, Mystery",Grant Singer,"Benicio Del Toro, Justin Timberlake, Eric Bogosian"
Khufiya,"Action, Biography, Crime",Vishal Bhardwaj,"Tabu, Ali Fazal, Wamiqa Gabbi"
Fair Play,"Drama, Sport",Chloe Domont,"Judit Bárdos, Anna Geislerová, Roman Luknár"
Ballerina,"Documentary, Music",Lee Chung-hyun,"Taylor Ash, Altynai Asylmuratova, Diane Baker"
Old Dads,Comedy,Bill Burr,"Katrina Bowden, Rachael Harris, Bobby Cannavale"
Pain Hustlers,"Crime, Drama",David Yates,"Chris Evans, Emily Blunt, Catherine O'Hara"
Sister Death,"Horror, Mystery",Paco Plaza,"Aria Bedmar, Almudena Amor, Maru Valdivielso"
Nyad,"Biography, Drama, Sport",Elizabeth Chai Vasarhelyi,"Jodie Foster, Annette Bening, Rhys Ifans"
The Killer,"Action, Crime, Drama",David Fincher,"Chow Yun-Fat, Danny Lee, Sally Yeh"
Believer 2,"Action, Crime, Thriller",Baek Jong-yul,"Han Hyo-joo, Tzi Ma, Cho Jin-woong"
Rustin,"Comedy, Drama",George C. Wolfe,"Rick Johnson, Meat Loaf, Ashley Johnson"
Leo,Drama,Robert Marianetti,"Joseph Fiennes, Elisabeth Shue, Sam Shepard"
Family Switch,"Comedy, Family",McG,"Jennifer Garner, Emma Myers, Rita Moreno"
The Archies,"Comedy, Drama, Musical",Zoya Akhtar,"Agastya Nanda, Khushi Kapoor, Suhana Khan"
Leave the World Behind,"Documentary, Music",Christian Larson,"Steve Angello, Nikhil Chinappa, Axel Hedfors"
Chicken Run: Dawn of the Nugget,"Animation, Adventure, Comedy",Sam Fell,"Thandiwe Newton, Zachary Levi, Bella Ramsey"
Rebel Moon,"Action, Adventure, Drama",Zack Snyder,"Sofia Boutella, Cary Elwes, Charlie Hunnam"
Society of the Snow,"Adventure, Biography, Drama",J. A. Bayona,"Enzo Vogrincic, Rafael Federman, Esteban Bigliardi"
Lift,"Drama, Horror, Mystery",Vineeth,"Kavin, Amritha Aiyer, Kiran Konda"
"Pamela, a Love Story","Documentary, Biography",Ryan White,"Alexandra Paul, Fran Drescher, Pamela Anderson"
Longest Third Date,"Documentary, Reality-TV",Brent Hodge,"Khani Le, Matt Robertson"
Victim/Suspect,"Documentary, Crime",Nancy Schwartzman,"Lisa Avalos, Dyanie Bermeo, Rachel de Leon"
Take Care of Maya,Documentary,Henry Roosevelt,No Cast Available
Eldorado: Everything the Nazis Hate,"Documentary, Drama, History",Benjamin Cantu,"Eren Güvercin, Eli Otto Kappo, Antonio Lallo"
Wham!,"Documentary, Biography, Music",Chris Smith,"Bananarama, Bono, David Bowie"
Unknown: Cave of Bones,Documentary,Mark Mannucci,"Lee Berger, Keneiloe Molopyane, Agusin Fuentes"
The Deepest Breath,"Documentary, Adventure, Sport",Laura McGann,"David Attenborough, Leigh Baker, Mahmoud Barracuda"
